,steamming,steamming_en
0,sangat guna,That's very useful.
1,aplikasi browser baik berkat browser saya jadi mudah baca tulis gambar foto bahasa dengan fitur terjemah gambar perlu ditinggaatkan hasil terjemah baik terimakasih cipta browser rusia is best,"The browser application is good thanks to my browser so it's easy to read. Write a language photo with translation features. Images need to be translated. Well, thank you."
2,bantu,Help.
3,bagus,Good.
4,banyak engga banyak iklan,many advertisements
5,cara buka yandex xxnx,way to open yandex xxnx
6,oke,Okay.
7,sangat bantu,Very helpful.
8,bgus,bUS
9,bgus,bUS
10,mantap loding cepat,It's good. It's good. It's good.
11,mantapp,"fontcolor="" # FFFF00""stand"
12,mau coba dulu,Let's try it.
13,aplikasi nya sangat baik,The app is very good.
14,bagus,Good.
15,mantap,Steady.
16,masuk kanggo nanvb,enter kanggo nanvb
17,masih banyak bom buka makanya aku kasi bintang ajak,"There's still a lot of bombs. Open up, so I'll give you a star."
18,sangat bagus,Very good.
19,sy mau nonton bokep ko gk,I'm going to watch some AVs.
20,top,top
21,sangat dosa,It's a sin.
22,oky,Oky
23,coba bintang dluklau bagus tak tambah bintang nya lg,Try a star. Good. No more stars.
24,yandex aplikasi sangat mudah guna dalam komunikasi tenk you yandex,yndex application is very handy in communications tent you yandex
25,sedikit ribet,It's a little complicated.
26,sangat bagus,Very good.
27,aplikasi sangat bagus,The application is very good.
28,oke,Okay.
29,hencet,force
30,okenapa,Why?
31,kurang jelas,It's not clear.
32,suka,I like it.
33,siip,siip
34,mantap,Steady.
35,mantap,Steady.
36,mantap boss sukses slalu kdpnnya,"fontcolor="" # FFFF00""satisfyingbosssuccessively"
37,baik,Okay.
38,baru coba,just try
39,tdk mau bainstal,Don't want to uninstall
40,selalu,Always.
41,suka,I like it.
42,oke banget broo,"It's okay, broo."
43,baik,Okay.
44,aplikasi sangat bagus mudah di paham,The application is very good. It's easy to understand.
45,mantabbb lancar jaya,Nicely done.
46,jos banget,That's right.
47,coba dulu,Try it first.
48,bagus nonton bkp,"Nice watch, by the way."
49,game nya bagus bnyk pilih keren lh,It's a good game. Pick a lot. Cool.
50,jelek kali,It's bad times.
51,oke,Okay.
52,good,good
53,aplikasi sngat bgus suka,program does not like
54,bukain,Open it.
55,yandek cona,"fontcolor="" # FFFF00""yndekcona"
56,coba dulu,Try it first.
57,engtidak jelas,Indistinct
58,aplikasi gk telah download trs cari apa aku mau timbul video gk jls gk terjemah,"fontcolor="" # FFFF00""appropriate fontcolor="" # FFFF00""dkhastrs downloadtrs fontcolor="" # FFFF00""seeifIam goingtobea video fontcolor="" # FFFF00""k jlssktranslate fontcolor="" # FFFF00"""
59,negara indonesia,Indonesian country
60,blum buka,open blum
61,lancar,smooth
62,yandx bokep,"fontcolor="" # FFFF00""yndx AV"
63,depi,depi
64,aku lihat aplikasi bagus banget,I see an excellent app.
65,sangat manfaat baik,very good benefits
66,aplikasi ino sangat baguss,ino application is very good
67,aplikasi laknat hp gua hampir rusak,My cell phone application is almost broken.
68,aku suka banget,I like it a lot.
69,bagus,Good.
70,uenak reee,"Oh, my God."
71,tiga dulu kalau bagus tambahin jadi,Three if you want to add it.
72,di lihat hasil nya,Look at the results.
73,sangat bagus muas,It's very nice. It's very nice.
74,aflikasi sangat bagus untuk nonton film bokep,Afflication is very good for AV movies.
75,good browsing apps,good browsing apps
76,minta video suruh translate jadi bahasa org tlol,Ask for a video. Get translates to be a classic.
77,aman skli,It's safe.
78,aman skli,It's safe.
79,bahasa indonesia,English
80,susah si bukak aplikasi nya,It's hard to open the app.
81,baru nyobain lanjut,Just trying to keep going.
82,kasih lima bintang aplikasi ngat bagus nonton,Give me five star apps. Good watch.
83,aplikasi bagus,Nice application.
84,mellajutkan apli kasi,I'm sorry. I'm sorry.
85,apik,clear
86,lumayan bagus,Pretty good.
87,luar biasa,Unbelievable.
88,brow baik cl,Good brow cl
89,yandex browser suka yang baik,Yandex browser likes good.
90,nice,Nice.
91,situs bokep indonesia,Indonesian AV site
92,bro yandex benar benar beda sama yandex di hp ku satu,Dude yandex is totally different. Same thing with yandex on my phone.
93,buruk,bad
94,bagus aplikasi nya,Nice app.
95,aplikasi nya bagus gk yang bahasa indonesia nya jadi aku kasi bintang aja,"The app's good. It's not the English, so I'll give you the stars."
96,sangat bagus sekali,Very good.
97,bagus,Good.
98,jos,jos
99,sangat bagua ringan,very light bagua
100,bsik,magic
101,aplikasi anyak iklan bikin rebet iklan y,Advertising applications create a commercial rebet y
102,kata teman bagus sayang ga pernah masukmks,Good friend said baby never came in.
103,aman lancar,It's clear. It's good.
104,bagus sangat bantu,Good. Very helpful.
105,blmtau ini baru masuk moga bagus lah aplikasi,I don't know. It just came in. Good job.
106,coba,try
107,mantappp,"fontcolor="" # FFFF00""seap"
108,appl sangat membantuthanks,appl is very helpful
109,bagus banget aplikasi nya,That's very good.
110,puas,satisfied
111,ga buka aneh,"No, it's not. It's not. It's weird."
112,mayan,mayan
113,sudah mantap,It's settled.
114,sngat la mantap,♪ sg la steady ♪
115,sngat la mantap,♪ sg la steady ♪
116,ga,No.
117,sangat bagus,Very good.
118,video,video
119,mantabbbbb,That's great.
120,aplikasi bagus lancar nonton bokep,It's good to watch AVs.
121,mantapbroe,"fontcolor="" # FFFF00""sangbroe"
122,okheymkx,okheymkx
123,video bokep,AV
124,video sangat lah bagus dukung terima kasih yandex,"The video is really good. Support it. Thank you, Yandex."
125,aplikasi guna,Usage application
126,pok bagus skli,That's a good one.
127,makin bagus aplikasi terima kasih mau tanya yandex punya aplikasi tulis microsoft word google doc terima kasih,The better the app. Thank you. Want to ask yandex has a microsoft word googled doc.
128,cepat iklan,Advertising fast
129,browser sampah,garbage browser
130,video yandex bisa buka dong baik,"fontcolor="" # FFFF00""videoYndexcan opendong fontcolor="" # FFFF00""well"
131,aplikasi sangat bagus sekali,The application is very good.
132,gw nonton bkp,I'm watching it.
133,bagus sekali,Very good.
134,poko mantap,"fontcolor="" # FFFF00""poko fontcolor="" # FFFF00""speight"
135,poko mantap,"fontcolor="" # FFFF00""poko fontcolor="" # FFFF00""speight"
136,bagus lumayan,Good. Not bad.
137,mantaaaaaapppp luuurrr,That's great.
138,baguz,Baguz
139,pembo,zoomer
140,banyak iklan,A lot of commercials.
141,proncina,Proncana
142,iklan mu kebanyaan anjinnggggghhhhh,Your ad is anjinnggggghhhhh.
143,dasar aplikasi buruk bagusss,bad application base goodss
144,mantap buat nonton bkp,"fontcolor="" # FFFF00""goodto watch fontcolor="" # FFFF00""basictowatch fontcolor="" # FFFF00""bykp"
145,baik terjemah images,both translate images
146,yandex bokep,yndex AV
147,yandex extension now broken,yandex extension now broken
148,good,good
149,kurang bagus,It's not good.
150,video broswer yandex selanjust,video broswer yandex selanjust
151,coba,try
152,gabisa nonton bokep ga seru ga kaya dulu,You can't watch porn. You can't get rich.
153,nonton pekob,Watch the pub.
154,fidio colmek,phyio collamek
155,yandex,yandex
156,pas updet nggk di buka babi,When an updet rises open a pig
157,aplikasi bantu,help application
158,aplikasi mantap,Persistent application
159,gk pilem nya,It's not a movie.
160,erorr susah d buka bisa,Ererr is hard to open
161,suka aplikasi in,like the application in
162,lebik cepat browsing mantap buat internetan rekomendasi buat yang gamer browsing,fast browsing allows steady internet recommendations for which gamers are browsing
163,dak pernah alami,It's never natural.
164,baik,Okay.
165,aplikasi canggihsangat bantu,High-tech applications are very helpful.
166,lumayan baguss cuman banyak atur susah donwload,Pretty good. Just a lot of settings. It's hard to download.
167,malah susah tonton,It's hard to watch.
168,jelek x,ugly x
169,mantap lihat situs di google bisa perlu buka tor,"fontcolor="" # FFFF00""great fontcolor="" # FFFF00""seethe site googledcanbeneededto opentor"
170,lihat referensi,look reference
171,bokep,AV
172,some feature still ru languange please fix it,some feature still ru lange please fix it
173,some feature still ru languange please fix it,some feature still ru lange please fix it
174,ajar lebih lanjut,More teaching.
175,aku cerdas katulistiwa sudah cinta www musik combo republik,I'm smart. Carulatiwa's been in love with Republican combo music.
176,sma kya google,Sma kya google
177,sagat baik buat sendiri,Good for yourself.
178,aku kasih bintang karna baru mau coba,I gave you a star because I was about to try.
179,moga lancarbagus aplikasi sangat bantu,Good luck with the app. It's very helpful.
180,lebih ringan chrome pasti ada iklan web youtube lemah lumayan sering force close sendiri lihat youtube,It's lighter. Chrome must have a weak web ad. Youtube.
181,mantap selancar malam,♪ steady surf night ♪
182,aplikasi bagus,Nice application.
183,baik sekali,That's nice.
184,yandek,"fontcolor="" # FFFF00""yes"
185,yesszzsssss,Yesszzsssss
186,p po,p po
187,mantap gan,steady gan
188,apilakisi tolol ada bokep,Stupid man's fire. No AVs.
189,simontok,Simontok
190,bokep berat,Heavy AV
191,terimakasih,Thank you.
192,baik kak yunda,"Fine, big brother."
193,baik kak yunda,"Fine, big brother."
194,aplikasi spek bagus kota kmi jauh tv,Nice spec app. It's far away from TV.
195,aku suka,I like it.
196,bagus,Good.
197,beri bintang,stargazer
198,paten pokenapany,POACIAN patent
199,good job,good job
200,mantaf,Nice.
201,wow,Wow.
202,mantep bree,step bree
203,good,good
204,vidio bokep nya jernih,Her AV is clear.
205,susah temu hassilnya,It's hard to find Hassil.
206,banget,That's it.
207,yah lumayan bagus,"Yeah, it's pretty good."
208,mantull,Mantull
209,mantap,Steady.
210,ini sangat bagus sangat bantu suka baca komik di aplikasi yandex translate bahasa gambar sangat bantu,It's very nice. Very helpful. Like to read comics on the yandex app.
211,bagus lah karna vidio nya yang enggk tolong kalo vidio yang atidak burem baik,Good. 'Cause the vidio's good. Help me out with the vidio.
212,ingin coba,Want to try
213,yu oi,Yu oi
214,coba dolo aplikasi,try the application dolo
215,orang dewasa,A grown-up.
216,aplikasi nya keren,It's a cool app.
217,blm sempurnasulit akses video,It's not perfect yet. It's hard to access video.
218,sangat bagus aplikasi,Very good application
219,video bokepnya mertua ps menatu,The AV is in-laws ps-thing.
220,kasih dulu soal baru mengunakan aplikasi,First give me a new application.
221,bagus asoy,Nice asoy.
222,aplikasi sangar bagus mudah cari apa,Good hard app. Find anything.
223,gede semua,grow all
224,nice,Nice.
225,enak,It's good.
226,vidio bokep,vidio AV
227,xxxnx com,xxxnx com
228,xxxnx com,xxxnx com
229,hf udh de,hf udh de
230,aplikasi sdah tdk bgus,no good application
231,dapat buka video bokeh,can open video break
232,joss,joss
233,aplikasi sangat bagus baik tambah bahasa translatedub video bahasa indonesia kami orang indonesia nikmat fitur translate video sebut,"fontcolor="" # FFFF00""explodable fontcolor="" # FFFF00""Good fontcolor="" # FFFF00""Add fontcolor="" # FFFF00""Link fontcolor="" # FFFF00""Link fontcolor="" # FFFF00""Indonesianpeoplea favor fontcolor="" # FFFF00""translate videostonescall"
234,trimakasih,Thank you.
235,sangat baik,Very good.
236,bantu buka video bokep,help open AVs
237,ingin tonton,Want to watch
238,coba dulu kalo bagus buka semua baru kasih bintang,Try it first if it's good Open it all then
239,cari video hot,Find a hot video
240,bagus banget,Very good.
241,nagus,nagus
242,kasih bintang dulu kalau bagus tambah,"fontcolor="" # FFFF00""givethestarfirst fontcolor="" # FFFF00""ifit'sgood fontcolor="" # FFFF00""plus"
243,gd job,gd job
244,oke mantap,Okay. That's great.
245,bagus banget,Very good.
246,buat nonton bokep seru,To watch some good AVs.
247,gas,gas
248,semenjak kenal aplikasi saya nonton lebih puas,Ever since I've known my app I've watched more content
249,sangat bantu sekali,That's very helpful.
250,bom,bomb
251,sangat bagus,Very good.
252,k baguzz,k baguzz
253,susahh mutar video nya,There's a problem with the video.
254,aduh aduh apa lah dpt kalian sini aduh,"fontcolor="" # FFFF00""oh fontcolor="" # FFFF00""oh fontcolor="" # FFFF00""Whatcanyou fontcolor="" # FFFF00""here fontcolor="" # FFFF00""oh"
255,cukup puas aplikasi,satisfied application
256,mantap,Steady.
257,sekarang video dewasa sdh gk fi buka semuadi blokir semua nyesel pilih aplikasi,Now the adult video is not fi. Open it all in block. All cell phones select the application.
258,sulit pd louding,Hard on louding.
259,nonton bareng aja,Let's watch it together.
260,like,like
261,sangat cocok mantap,It's perfect. It's great. It's great.
262,bintang dlu yacba dulu,"fontcolor="" # FFFF00""dluyacbafirst"
263,aplikasi sangat bagus sejak tau buka aplikasi di daerah jauh janggaauan siar tv kami sudah bisa nikmat nonton tanding live khusus siar langsung sepak bola olahraga lain,The app's been great since you opened up the apps in the far side of TV. We've been able to enjoy watching a special live competition. Live.
264,meski dapat buka video diingginkan sayaberi ranting,"Even if it's possible to open a video, I'll give you a twig."
265,lina lote selamat videos,lina lote survived videos
266,maaf kasih intang dulu saya uninstal dar masuk buat kembang bajar aplikasi lai sangat mudah guna ikan dulu nyaman buat guna guna rekomendasi yang lai semangat,I'm sorry. I'm uninstalled. I'm sorry.
267,saya coba,I'll try.
268,good browsers appreciate,good browsers appreciate
269,suka banget sama aplikasi nya kirain buat terjemah gitu guna bangtttt,Love the app. Think of it as a bangttt.
270,jangan tipu,Don't cheat.
271,beri bintang aja dulu soal baru nyoba download,Just give me a star first. Try downloading first.
272,nontonviraljepang fullhd,watching viraljepang fullhd
273,sangat baik situs,very good site
274,klau bagus tambah bintang,It's good. More stars.
275,sangat hibur,It's comforting.
276,is the best,is the best
277,oke suka,Okay. Love it.
278,lama bgnt donload ny habisin kuota,long bgnt donload Mrs. exterminating quota
279,mantap sekali,That's great.
280,bole bokep nya,The AVs.
281,krang puas,crang satisfied
282,bagus sekali,Very good.
283,enak buat nonton bokep,It's good to watch AVs.
284,aplikasi bagus ada blokir,Nice application. There's a blocker.
285,apikasi sangat bagus,That's very good.
286,kemarin download mb sekarang mbnaik,yesterday download mb is now rising
287,bangettt,sott
288,moga cepat aman,Hurry up and be safe.
289,byi,byi
290,best,best
291,aplikasi ga jelas,indistinct application
292,sangat perlu semangat,It's a need for passion.
293,vidio andro bantu,vidio andro help
294,baguss,That's good.
295,yendex browser vidio bokep jepang,Japanese AV vidio browser yendex
296,up,up
297,sip mantap lah,"fontcolor="" # FFFF00""sap fontcolor="" # FFFF00""sap fontcolor="" # FFFF00""good fontcolor="" # FFFF00""yes"
298,situs sampah dapat akses,garbage site got access
299,lumayan,Not bad.
300,aplikasi sangat muas,very opaque application
301,bagus gk vidio,Good. Vidio.
302,xnxx com,xnxx com
303,apikasi anjink,anjink assignment
304,suka elek padahal data kencang,like elek when the data is tight
305,coba dulu aplikasi nya,Try the app.
306,anak kecil gk nonton,Kids don't watch.
307,russian punya uura,russian has uura
308,lama buka etidak tahu,It's a long time ago. I don't know.
309,enak banget,It's so good.
310,aplikasi apa buruk kali,What a bad app times
311,aplikasi nya setabil kalian jangan coba coba download ngabisin kuota ajah,The app is as likely. Don't try to download it and finish the quota.
312,baik bagus,Good. Good.
313,gott,gott
314,uninstall,uninstall
315,baik,Okay.
316,susah sangat buat nonton vid porn,It's hard to watch vid porn
317,coba,try
318,bagus tambah semangat,That's good. Get up. Get up.
319,good app,good app
320,suka aplikasi yandek,likes yank apps
321,sangat puas,very satisfied
322,aplikasi bagus,Nice application.
323,bgus aj,bgus aj
324,lumayan bagus tidak ngeganggu iklan,It's pretty good not to interrupt commercials.
325,blom coba mudah han bagus,"No, no, no, no, no, no, no, no, no, no, no, no, no, no, no, no, no. No, no, no, no, no, no, no, no, no, no. No, no, no, no, no, no, no, no, no, no, no, no, no, no, no."
326,ken,ken
327,aplikasi apa kyk gin ngabis kouta,What's the app for gin in kouta?
328,sangat baik tonton video,Very good watch the video
329,bahasa nya auto atur hp,It's an auto-language. Set the phone.
330,buat sy mendownload akses cpt,make me download cpt access
331,es kan,ice right
332,terlalu banyak iklan kita klik vidio,Too many ads. We click vidio.
333,sangat yaman lihat,It's really good. Look.
334,hapus aja sekali,delete it once
335,aplikasi bagus enak tonton pokenapanya bagus deh,Nice app. Good watch. Good point.
336,ikut bos,follow the boss
337,ikut bos,follow the boss
338,mau,Want some?
339,redit com,redit com
340,baik,Okay.
341,applikasi sangat bagus,Application is very good.
342,mantaptapi sayang lambat,"fontcolor="" # FFFF00""hotbutslow"
343,kurang ter hibur,inconsolable inconsolable
344,top sekali,It's top of the line.
345,sya blum mencobaklau bgus sya beri bintang lgi,"fontcolor="" # FFFF00""yes fontcolor="" # FFFF00""great fontcolor="" # FFFF00""tryingtodogood fontcolor="" # FFFF00""yes fontcolor="" # FFFF00""givethestarIgi"
346,sip moga bermamfaat,"fontcolor="" # FFFF00""sipmogabemfaath"
347,lumsyan,Clumsy
348,mudah mudah lelet,"Easy, easy, easy, easy, easy, easy, easy, easy, easy, easy, easy, easy, easy, easy, easy, easy, easy, easy, easy, easy, easy, easy, easy, easy, easy, easy, easy, easy, easy, easy. Easy, easy, easy, easy, easy, easy, easy, easy, easy, easy, easy, easy, easy, easy, easy, easy, easy, easy, easy, easy, easy, easy, easy, easy, easy, easy, easy, easy, easy, easy, easy, easy, easy, easy, easy, easy, easy, easy, easy, easy, easy, easy, easy, easy, easy, easy, easy, easy, easy, easy, easy, easy, easy, easy, easy, easy, easy, easy, easy, easy, easy, easy, easy, easy, easy, easy, easy, easy, easy, easy, easy, easy, easy, easy, easy, easy, easy, easy, easy, easy, easy, easy, easy, easy, easy, easy, easy, easy, easy, easy, easy, easy, easy, easy, easy, easy, easy, easy, easy, easy, easy, easy, easy, easy, easy, easy, easy, easy, easy, easy, easy, easy, easy, easy, easy, easy, easy, easy, easy, easy, easy, easy, easy, easy, easy, easy, easy, easy, easy, easy, easy, easy, easy, easy, easy, easy, easy, easy, easy, easy, easy, easy, easy, easy, easy, easy, easy, easy, easy, easy, easy, easy, easy, easy, easy, easy, easy, easy, easy, easy, easy, easy, easy, easy, easy, easy, easy, easy, easy, easy, easy, easy, easy, easy, easy, easy, easy, easy, easy, easy, easy, easy, easy, easy, easy, easy, easy, easy, easy, easy, easy, easy, easy, easy, easy, easy, easy, easy, easy, easy, easy, easy, easy, easy, easy, easy, easy, easy, easy, easy, easy, easy, easy, easy, easy, easy, easy, easy, easy, easy, easy, easy, easy, easy, easy,"
349,aplikasi ko makin hari makin entidak di percuma kan,"ko applications are getting less and less wasted every day, right?"
350,baik masalah bahasa di aplikasi,good language problem on application
351,sangat nyaman nonton bokep,It's very comfortable watching AVs.
352,sangat muas kan,"It's very steamy, isn't it?"
353,cocok keluarga,fit the family
354,bagus sekali,Very good.
355,sekarang jadi ga nambahin extension sih,Now it's not adding extensions anyway.
356,link gua ilang searching udah ga susah sekarang,I lost the search link. It's not that hard right now.
357,ago tuskul is bek tumoro,ago tuskul is bek tumoro
358,now this app is useless,now this app is useless
359,opisional,Ordinarily
360,top,top
361,sangat bagus,Very good.
362,nyaman pakai,It's comfortable.
363,aplikasi lumayan bagus kurang cocok terjemah bahasa rusia nya,The app's pretty good. It's not good enough to translate Russian.
364,guna lama cukup bintang makin lama makin parah bahasa jelas bahasa aplikasi campur bahasa rusia,"fontcolor="" # FFFF00""fora whiletime fontcolor="" # FFFF00""stars fontcolor="" # FFFF00""forsometimemore fontcolor="" # FFFF00""stars fontcolor="" # FFFF00""surrectionablelanguedlanguage"
365,sangat buruk,very bad
366,sangat bantu bagus,Very helpful. Good.
367,bisa buka aplikasi nya,Can you open the application?
368,klaw bahasa pake bahasa indonesia,klaw Language in English
369,makin kesini makin mundur,Get over here. Get back.
370,puas banget sering loading,It's too much of a load.
371,terlalu banyak iklan tidak unduh video,too many ads not downloading video
372,semua vid di unduh dong kan rumayan,All vid downloads are good.
373,aplikasi banget,apps very much.
374,cara liat bokep no sensor lah,Way to look at AV No. sensor.
375,bad,bad
376,suka cari hibur sensasi baru,It's fun. It's a new sensation.
377,bagushanya atur vidio kurang nyaman ngga langsung download dr browser,Good. Just set up the uncomfortable vidio. Not immediately downloading from the browser.
378,sangat baik,Very good.
379,baik sekali,That's nice.
380,kasih bintang dulu mau nyoba,"fontcolor="" # FFFF00""givethestar fontcolor="" # FFFF00""first wanttotry"
381,goodd,goodd
382,nyata gua cari sampek ujung dunia nyata aplikasih in sangat guna banget karna bangga fitur nya nonton bokep nonton tv,Real. I'm looking for the end of the real world. This app is really useful.
383,susah masuk,It's hard to get in.
384,aplikasi sangat bagus luar biasaklau minta vidio ga nongol nongol sangat luar biasa sekali,The apps are so good. It's amazing to ask for a vidio ga nongol. It's amazing.
385,wallet metamask hilang extensi tambah crhome tombol bisa muncul,missing wallet metamask extension plus the crhome button can appear
386,loading nya cukup lamasehingga bos kan,Loading her up long enough so the boss will
387,no result matching your search meski filter no filter,no return matching your search even though filter no filter
388,joss,joss
389,bhus,bhus
390,sering libur luar kota,Most of the time out of town.
391,terima kasih,Thank you.
392,update sekarang cari sangat batas sama browser lain mending pake chrome kalau cari batas ini seperti dulu bisa akses apa di batas sangat kecewa,Update now. Search the same limit. Other browsers need to use chrome.
393,bagusdd,That's good.
394,sayang sekali detik kenapa ada fitur image padahal aku lama tunggu paksa aku uninstall,Too bad for a second why there's an image feature when I've been waiting so long to force me to uninstall
395,suatu hibur,a consolation
396,bokep jepang,Japanese AV
397,juuuuos,Juuuuos
398,juuuuos,Juuuuos
399,montok,plump
400,sekrang susah buat nonton ya sdh privaci,Now it's hard to watch.
401,baik masalah bahasa aplikasi utama bahasa indonesia semua nama icon navigasi di terjemah ada beberapa masih guna bahasa russia,either language problem the main application language is Indonesian all name icon navigation in translation there are some still for russian language
402,buat hibur malam susah tidur batas ken tau aja,Let's cheer up the night. I can't sleep. I don't know.
403,jlek,jlek
404,semua cari,All search
405,aku cobah dlh,I'll try.
406,sangat bantu,Very helpful.
407,plis lahh kenapaa selalu muncul bahasa rusia terus,"Please, why do you always appear in Russian?"
408,keren,Cool.
409,goda syaitan jadi laku,Shaitan's temptation has become a sellout.
410,aplikasi bisa tembus link blokir,application can penetrate block link
411,gk di download,No downloads
412,cuma iklan nya aja,It's just the ad.
413,ediiii,ediii
414,coba dlu,try dlu
415,apl nya bagus cuman terlalu banyak iklan,"fontcolor="" # FFFF00""aplisgood fontcolor="" # FFFF00""justtoo many ads"
416,why thereno search by image so annoying,why there no search by image so annoying
417,buruk banyak bugnya,It's bad. A lot of bugs.
418,jelek,ugly
419,okey bossku,"Okay, my boss."
420,lumayan sihtapii atidak susah buka video ny di baik aplikasi nya,"It's not so bad, but it's not so hard to open a video of her on either application."
421,pusing,dizziness
422,please i cant use chrome extensions now,please i cant use e chrome extensions now
423,jelek banget burikkk,It's ugly as hell.
424,mantul,bounce.
425,susa buka,susa open
426,mantap jos banget,"It's great, man. It's great. It's great."
427,ingin download ngtidak,want to download no
428,browser,browser
429,sini tonton bokep,Come watch the AV.
430,video,video
431,kasi bintang dulu,Give me a star first.
432,seru,exclamation
433,cukup baik,Pretty good.
434,aplikasi sangat muas,very opaque application
435,gk tarik,No pull.
436,gk tarik,No pull.
437,im disappointed the language features are really bad everything is in russian please make it english,Im disappointed the language features are really bad everything is in russian please make it English
438,ugly,ugly
439,gua mah tau kalean donlot nih broser mau buka apa,"fontcolor="" # FFFF00""Iknow kaleandonlot fontcolor="" # FFFF00""broserwillopenwhat"
440,bisa buat apa apa,It can do anything.
441,bisa buat apa apa,It can do anything.
442,cukup tarik,Just pull.
443,ada cari gambar,"fontcolor="" # FFFF00""therereport"
444,sukah,likeh
445,erti lebih dlm,I mean deeper.
446,aplikasi sangat seru aku guna aplikasi,The application is very exciting. I'm for applications.
447,jhyebsnad,JEYYBSNAD
448,aku kasih bintang star mohon diharaplikasian kualitas gambar video ultra hd ram aku gb pakai mb,"fontcolor="" # FFFF00""Igivethestarstar fontcolor="" # FFFF00""star fontcolor="" # FFFF00""pleaseharaplicationquality videopicture ultra hd ram fontcolor="" # FFFF00""Igbusemb"
449,mantap mantap,It's all right. It's all right. It's all right.
450,smakin lama makin ngga asik utama dlm bahasa mau lihat data sperti sbelum skrang tdk,It's been a while since the main fun in the language. I'd like to see some data like you haven't seen before.
451,much a nose,much a nose
452,bagus ntidak ribet,It's nice. It's not complicated.
453,baik,Okay.
454,hnya dar suka,How do you like it?
455,dulu masih coba,"fontcolor="" # FFFF00""stilltrying"
456,bantu android dapat saldo dana game slot online layar henpon,help androids get balance of online henpon screen slot games
457,mending hapus ni aplikasi,delete this application
458,jaring luas lancar,Vast nets are smooth.
459,buat nonton film emang tapi tombol unduh ada kurang sempurna,"fontcolor="" # FFFF00""make a movie fontcolor="" # FFFF00""butthe downloadbutthereisnotperfect"
460,kasih ijin,Excuse me.
461,aplikasi apa lah cooy,Cooy apps.
462,aku guna baru yandex sangat oke,"fontcolor="" # FFFF00""meusenew yandex fontcolor="" # FFFF00""sookay"
463,cari cepat,Quick search
464,tak guna,Son of a bitch.
465,sempurna mantap,It's perfect. It's great.
466,sipppp,sippp
467,good,good
468,bagus daripa lain cuma sekarang situs download nya susah,It's good from all the others. Only now the download site is hard.
469,kelana,Leaping.
470,sangat bagus,Very good.
471,terlalu lot di baik trimaksih,too lot in good trimaxiah
472,bagus aplikasi,good application
473,pandang hidup buat aku hidupmakasihhjh,look at life for me. Merciful life.
474,buruk sekali makin sering paseperti makin jelek selalu bilang koneksi browser kalok yang mau download pikir pikir dulu,It's bad. More and more often it's like it's getting worse. Always say it's a browser connection.
475,bintang dulu,"fontcolor="" # FFFF00""starfirst"
476,sangat kecewa saya butuh yandex image malah bisa guna bahkan bulan bulan,I'm so disappointed I need a Yandex image I can even use the moon
477,sekarang jelek tampillan gambar ga mending hapus aj,now bad display image deleting j
478,goood,good
479,lumayan aplikasi,not bad application
480,coba dulu kasi bintangaja deh bagus brosernya,Give me a staraja first. Good broacher.
481,di optimal aplikasi layan normal tdk kecewa guna,at optimal normal layan program not disappointed use
482,thanks app yandek,Thanks app yandek
483,bagus browser terlalu sering muncul dgn bahasa rusia dgn bahasa engga ngerti tolong kalo ganti aja bahasa dgn bahasa indonesia bahasa inggris dapat paseperti biasa tiap kali guna,Great. Browser too often appears in Russian. Don't understand.
484,best performance no bug,best performance
485,best performance no bug,best performance
486,prettt,prettt
487,pilem kentot film n,"fontcolor="" # FFFF00""pillemgotmovien"
488,kereeeeeennn,They're coming.
489,buruk belum instal aplikasi karena ada fitur search gambar sampai detik masih baik fiturnya kecewa sekali,bad has not installed the application because there is a search feature image until seconds is still good The feature is very disappointed
490,bagus ada notifikasi iklan,"fontcolor="" # FFFF00""good fontcolor="" # FFFF00""notificationof ads"
491,ayoojugan lelet bos,Let's go slow boss
492,lihat sendiri,See for yourself.
493,email y sya guna email ru ntidak,Email y sya for ru n no email
494,yandex rusiya,yandex rusiya
495,pendo dg ngoni,pendo with ngoni
496,baik mantap aplikasi inin,nice steady application of this
497,burik,burik
498,jooss,jooss
499,yandex bagus sekali sekarang,"Well, that's great. Now."
500,xgut,xgut
501,kuat,strong
502,kasih bintang aja dulu,Just give me a star first.
503,bukan model dulu sekarang bisa buka,"fontcolor="" # FFFF00""notamodel fontcolor="" # FFFF00""nowcanopen"
504,cool,Cool.
505,slamat tunai ibadah puasa,"Good-bye, cash fasting."
506,suka banget,I'd love to.
507,terima kasih atas baik,Thank you for all right.
508,vidiozex,vidizex
509,browser nya bagus si,Nice browser.
510,semenjak federasi russia ketat sekarang nonton video alih youtube yandex hilang fungsi utama cari video sumber youtube guna selain dari federasi russia,Since the tight-russian federation is now watching videos over youtube yandex missing primary functions look for video sources youtube for other than the russian federation
511,mantap jiwa,The rest of your soul.
512,seru banget,It's fun.
513,lumayan,Not bad.
514,oke keren,Okay. Cool.
515,aku tidak di download padahal memori banyak,"I'm not downloaded, but a lot of memory."
516,awal bagus lama kelam jadi guna ajuga ganti server tidak,"fontcolor="" # FFFF00""begins nice fontcolor="" # FFFF00""old dark fontcolor="" # FFFF00""so also changetheserver fontcolor="" # FFFF00""no"
517,aplikasi lola y lemotbuat emosi,lola y application lemotogenize emotion
518,fbaik,f well
519,fbaik,f well
520,extension eror problem solved,extended error problem solved
521,aplikasi bagus gw liat liat banyak kaga buka cari video foto jadi kalau mau buka cari foto atau video kalian login dulu pake akun google trs setting setting dikit kyk lokasi jugan pake lokasi lu skrg pake lokasi moscow daerah russia nah coba aja praktekin,"Good app. I see a lot of people don't look for video photos. So if you want to open a photo or video, you log in."
522,cannot find on all region the result only on the current region,cannot find on all region the return only on the current region
523,ken tau perkembanga jaman,ton tofu equivalence
524,hidup,Live.
525,suka app,like app
526,khairulrizal,khairulrizal
527,coba dulu,Try it first.
528,coba,try
529,cant search by image,cant search by image
530,lancar lan lelet bos semuga depan lebih wapik,smooth lan melt boss as soon as it's over
531,nonton pidio hot,watch pidio hot
532,siiip,siip
533,lebih cepat recomended,sooner recomended
534,sangat suka yandex browser cepat,very much like fast browser Yandex
535,dulu bagus dipake buat nyari gambar eh sekarang gk anjink,It used to be good to look for pictures.
536,angel sangat,♪ angel is so ♪
537,apps nya sangat bagus di pukul,The apps are very good at beating
538,image search isnt available for long time need to fix it asap,image search isn't available for long time need to fix it smoke
539,kasih b aja aplikasi nya bsa buka apa kita cari asli bikin kesel bikin kecewa aja,"fontcolor="" # FFFF00""givejustthe app fontcolor="" # FFFF00""cannotdowhatwefind fontcolor="" # FFFF00""real fontcolor="" # FFFF00""disappointsyou fontcolor="" # FFFF00"""
540,kurang bagus sekarang mah,It's not good now.
541,yandex application cant see videos anymore please fix it again,yandex application cant see videos anymore please fix it again
542,sangat bantu,Very helpful.
543,bokep arti,AV means
544,fulbokef,fulboffe
545,payah,"Oh, shit."
546,bagus hed,Nice. Hed.
547,bagus hed,Nice. Hed.
548,coba aza,Try aza
549,mantap,Steady.
550,moga aplikasi bisa bantu,"fontcolor="" # FFFF00""mugathe applicationcanhelp"
551,baru pertama masuk apl tdk kendala,First time in. I don't mind.
552,gaga ji jeka nai bayu iii na gaga dudu nekke sanging bokep ku,"""You're my girl."" ""You're my girl."""
553,sangat puas bantu terimakasih,Very content. Help. Thank you.
554,sngat baik,That's good.
555,sono psw com,sono psw com
556,cukup aja dulu,That's enough.
557,sorry if i compare with uc browser for display adblock ads etc already good but the speed is really bad very far from uc browser please fix it now i uninstall it first if its better ill install it again,sorry if i compare with uc browser for display adblock adlock adc already good but the speed is really bad really far from uc browser please fix it now i uninstall it first if it better install it again
558,guna,Dope
559,sangat bantu masyarakat indonesia,It helps the people of Indonesia.
560,yandek sangat bagus cuman banyak iklan,Yeah. Very good. Just a lot of ads.
561,tiap cari judul komikgambar selalu gagal coba digoogle chrome malah bisapadahal dulu yandex lebih lenggaaplikasienapa sekarang malah kayak begini,"fontcolor="" # FFFF00""everytime looking for a title fontcolor="" # FFFF00""Frepicturealwaysfaretryingtogoogle chrome fontcolor="" # FFFF00""even whenyndexwasmoregapable fontcolor="" # FFFF00""now it'slikethis"
562,biar lama tetap usaha download aplikasi yandex browser,"fontcolor="" # FFFF00""letitstaythe attemptto downloadan app fontcolor="" # FFFF00""Yandex browser"
563,gayd,gayd
564,ubdate lebih asli,ubdate more original
565,bagus sih bagus lama banget loading nya jadi kesel tuju,It's good. It's good. It's been so long loading.
566,di tinggaat kan di baik putar video selalu eror,Stayed in good video play always err
567,jadi bagi sistem aplikasi mudah,so split the application system is easy
568,we gimana kenapa ga liat sih di baik,"fontcolor="" # FFFF00""wewhynotlook fontcolor="" # FFFF00""well"
569,fast and safe,fast and safe
570,yandex sekarang tidak guna saat uninstall,yndex is currently useless when uninstalled
571,bagus aplikasi nya,Nice app.
572,tinggaat kan kualitas kurang iklan,Leave the lack of ad quality
573,gue sampe crot,I made it.
574,banyak vidio bkp ny aku suka,"A lot of vidios, by the way, ma'am. I love it."
575,cba dlu,cba dlu
576,sumpah gw ga paham browser apa kenapaa gw instal krna suatu hari bnyk keliling gw ngomong yandex trus semua tertawa cuma gw kaga karna kaga tau artinyacoba jelas apa yandex,"I swear to God, I don't know what browser I'm talking about because one day I'm walking around talking to each other and then all laughing just because I don't know what it means."
577,aplikasi na teu paruguh matak lieur jadina akh,app na teu luguh matak lieur bekuna akh
578,sangat mengun tunggaan,very unburdened
579,bokep nya bagus,Nice AV.
580,kalau bgus entar naik lgi bintang,"fontcolor="" # FFFF00""ifitwillrise fontcolor="" # FFFF00""Igistar"
581,kalau bgus entar naik lgi bintang,"fontcolor="" # FFFF00""ifitwillrise fontcolor="" # FFFF00""Igistar"
582,kurang baik,It's not good.
583,yandex browser,yndex browser
584,xnxx com,xnxx com
585,lelet,It's slow.
586,ada tampil video,video show
587,tiap hari upload movie,Every day uploads movie
588,tiap hari upload movie,Every day uploads movie
589,the best,the best
590,lumayan nonton bokep,Not bad at AVs.
591,sula suka penting,like important
592,ngga yang dulu,Not the old one.
593,aplikasi ribet gck guna,gck gck assembler application
594,mana yandex dlu,Where's yandex dlu
595,seruuuu,whoop.
596,bad apps update terus ga,bad apps updates continue to ga
597,mandor kebun sawit,palm plantation foreman
598,trash search engine,trash search engine
599,enm,enm
600,jossd,jossd
601,mudah mentidakses film,It's easy to access movies.
602,hehe ko sbgej,hehe koabej
603,yandex images under construction like for years,yndex images under construction like for years
604,cepat mantap,"Let's go, let's go, let's go, let's go, let's go, let's go, let's go, let's go, let's go, let's go, let's go, let's go, let's go, let's go, let's go, let's go, let's go, let's go, let's go, let's go, let's go, let's go, let's go, let's go, let's go, let's go, let's go, let's go, let's go, let's go, let's go, let's go, let's go, let's go, let's go, let's go, let's go, let's go, let's go, let's go, let's go"
605,aku kasih ranting dh,I'll give you a branch.
606,please bring back image search please,Please bring back image search please
607,yandex com mayra,yandex com mayra
608,sy tuju denga aplikasi,I'm on my way.
609,bisa terjemah yang sampai,"fontcolor="" # FFFF00""cantranslateup"
610,sangat keren,It's so cool.
611,aplikasi bagus,Nice application.
612,krennn,Krennn
613,aplikasi tolol,Stupid application.
614,mantap nonton bokep cuy,"Nice watch, man."
615,how long do i have to wait for you guys to fix the search image feature its ridiculous for a simple feature can be fixed very long time,how long do I have to wait for you guys to fix the search image feature its ridiculous for a simple feature can be fixed very long time
616,aplikasi sangat hibur aku suka,The apps are very entertaining. I like it.
617,lanjut mahrusoke,Mahrusoke's next.
618,jutidak,No.
619,cepatt lah anjinggg,"Hurry up, dog."
620,arsitek,architect
621,kasih bintang empat duluentar kalo ke buka baru aku kasih tambah,"Give me a four-star first. If you open it, I'll give you more."
622,ragu aplikasi,doubt application
623,enak,It's good.
624,dear devlover i found a bug in the photo download section the bug is that the photo downloaded in the browser will be damaged and blurry missing half the green color this has been happening for about months my device is very normal please fix it this is very uncomfortable,dear devolover i found a bug in the photo downloading section the bug is that the photo downloaded in the browser will be cursed and blending half the green color this has been happening for about months my device is very normal please fix it this is very uncomfortable
625,kon toll,toll con
626,yandex browser makin kesini makin jelas gin,"fontcolor="" # FFFF00""yendx browser Getting here the clearer gin"
627,makasih yaa udah buat aku sange lopyu,Thank you for making me Sange-Lopyu.
628,baikklu lodingx cpt,good lodingx cpt
629,jelek apilkasi nya,her ugliness
630,lanjutken,nextken
631,pernaterjun laut,Seajumper
632,aplikasi baguss,good application
633,yaudeh porno hub,yaudeh porno hub
634,yandex banyak tiap nonton vidio banyak iklan,"Well, there's a lot of vidios every time you watch a lot of ads."
635,is the best,is the best
636,ujang,ujang
637,mantab,That's great.
638,tambahin lgi donk kualitas nya,Add Igi donk its quality
639,mantap dah,That's great.
640,brawser masih dapa sedia konten dewasa brawser mesti gratis tentu dampak anak di bawa umur penasarn suatu untuk cari konten membut penasaran masuk konten seksual harap developer hati sebut kata karena baru telusur brawser brawser memang bagus cukup bantu bisa perhati komentar yang mesih mentidakses konten seksual,"fontcolor="" # FFFF00""brawserstillprepared fontcolor="" # FFFF00""olderthingsmustbe free fontcolor="" # FFFF00""sure fontcolor="" # FFFF00""The child'simpensed age fontcolor="" # FFFF00""in searchofunite content fontcolor="" # FFFF00""letdeveloperheart fontcolor="" # FFFF00""calla word becausenewerbrowserbrawser isgood fontcolor="" # FFFF00""good fontcolor="" # FFFF00""couldhelp fontcolor="" # FFFF00""at heart fontcolor="" # FFFF00"" fontcolor="" # FFFF00"" fontcolor="" fontcolor="" # FFFF00"" fontcolor="" fontcolor="" fontcolor="" fontcolor="" # FFFF00"" # FFFF00"" fontcolor="" fontcolor="" fontcolor="" # FFFF00"" # FFFF00"""
641,vidio porno,vidio porn
642,min mau nonton xxx gk,min wants to watch xxx gk
643,bisa buka video yandex browser,can open Yandex browser video
644,semangat,Cheer up.
645,jampuruton,jampuruton
646,manfaat,benefits
647,aplikasi mampu bangun energi baru baru lom mampu buka dgn lunak ribet,The application is capable of waking up new energy isn't capable of being able to open so softly.
648,aman,Clear.
649,yandex sekarang enak pakai,"Well, it's good now."
650,peext,peext
651,its cogebe cowok gila bokep,its cogebe guy crazy AV
652,ngtidak di buka,Unopened
653,luar biasa bagus nya,It's amazing. It's great.
654,bagus cepat,Good. Hurry up.
655,bintang dulu,"fontcolor="" # FFFF00""starfirst"
656,very good,very good
657,say suka y video,say like video y
658,mantap thanks,I'm good. Thanks.
659,its good loading fast suggestions add an extension button for easy access minus cant install ublock origin extension,its good loading fast suggestions add an extension button for easy access minus cant install ublock origin extension
660,sangat luar biasa,It's amazing.
661,kurang tantang,less daring.
662,dulu nyari gambarapapun yandex dah beberapa bulan g tulis nya gin this service is under construction we will back soon,It used to be looking for any picture yandex. It's been a couple of months. Write it down.
663,selalu waspada,Keep your eyes open.
664,juga roblox,Also roblox
665,bokep perselinggauhan,BOX FOLLOWING
666,sangat muas nonton jelas nyaman ganggu,It's so steamy to watch. It's so convenient to disturb.
667,ko susah buat buka felem,"fontcolor="" # FFFF00"" kohardtountemple"
668,kaw memang baik,You're good.
669,yandex emang,"Yeah, yeah, yeah, yeah, yeah."
670,mntep,step
671,cari gambar muncul notifikasi the service is under construction we will back soon sudah lama sekali saya tulis ulas belum benar thank you,looking image appears notification the service is under construction we will back soon a long time ago
672,vidio,vidio
673,cukup puas,It's enough.
674,ohh aplikasi sangat bagus,Ohh the app is very good
675,apa bagussmoga sukses selalu,Is it good to be successful always?
676,bagus sangt mmbntu,That's good.
677,welekk,Relax.
678,mohon maaf hormat selalu uninstall install karena fluxus nya error seperti kick fluxus mohon maaf baik fluxus nya,I apologize for always uninstalling the install because its fluxus error like kick fluxus.
679,video ga hd,video not hd
680,yandex image cepat baik,"fontcolor="" # FFFF00""yndexfast image fontcolor="" # FFFF00""well"
681,mikel ibo,ibo mikel
682,tdk bs buka vidio bokep,Can't open vidio AV
683,jobbb,jobbb
684,mekanisme,mechanism
685,kode,code
686,aplikasi sampah,junk application
687,coba dlu gays,try dlu gays
688,pas selesai update jadi ga nonton vidio ubah lokasi sudah ga mohon cepat baik,"fontcolor="" # FFFF00""at completionofthe updatesonotwatching vidio fontcolor="" # FFFF00""changethe location fontcolor="" # FFFF00""hasnotsupposed quickly fontcolor="" # FFFF00""well"
689,sopir,Driver
690,what happen to yandex images,what happens to yandex images
691,makas,thank you
692,makas,thank you
693,buang wktu n pulsa kesini kesana ribet n tdk puas,Throw a pulse over here. It's difficult. It's unsatisfied.
694,good upp,good upp
695,lmao this actually went from one of the best browser machine to one of the worst these new updates made it worse the servers are always down and it takes forever just to load basic search things and it doesnt even show you a lot of results unlike in other browsers downloads always have an errors like the file always has b size no matter how much you try it the file is corrupted after download for some reasons missing partsglitch and download just randomly stops bring back old yandex,lmao this actually went from one of the best browser machine to one of the worst these new updates made it worse the servers are always down and it takes forever just to load basic search things and it doesn't even show you a lot of results unlike in other browsers downloads always have an error like the file always has b size no matter how much you try it tries the file is corrupted after downloading some reasons partings and downloads simply stops old yande
696,search brave com,Search brave com
697,mdhan lbh cepat loading perintaan langgan,mdhan idhan sooner loading the Langgan command
698,tidak liat video foto di yandex kecewa,don't see video photos on yandex disappointed
699,uraaaaaa,uraaaaaa
700,tambah lebih baik,Better.
701,kerja keras,Work hard.
702,mantap bagus,That's great. That's great.
703,adil saputra,just stroke
704,aplikasi sue,sue application
705,bokep,AV
706,matul banget,It's so late.
707,yandex browser makin maju mantap,"fontcolor="" # FFFF00""yndex browsergo forward fontcolor="" # FFFF00""great"
708,irfon,irfon
709,vidio bokeh jpg,vidio bokeh jpg
710,banyak alam,lots of nature.
711,www simontok boket semua com,www simontok banget all com
712,cba dulu boss q,"fontcolor="" # FFFF00""Cbafirst boss q"
713,gimana nih nyari web ga ketemu walaupun pake link tetep ga ketemu hadehh,"fontcolor="" # FFFF00""howcannotseethe web fontcolor="" # FFFF00""evenwiththelinkstillnotfind hadehh"
714,yandex dlu nya sangat bagus search foto apa kena apa ke sini makin kesini jadi bisa search foto apa apa tolong baik lah nyaman tuju yendex dlu cari asal foto kena apa sekarang dadak nonaktif,"fontcolor="" # FFFF00""yesdex fontcolor="" # FFFF00""lu fontcolor="" # FFFF00""verygood fontcolor="" # FFFF00""pocalypse fontcolor="" # FFFF00""what'sgoinghere fontcolor="" # FFFF00""socan search fontcolor="" # FFFF00""something fontcolor="" # FFFF00""something fontcolor="" # FFFF00""something fontcolor="" # FFFF00""good fontcolor="" # FFFF00""good fontcolor="" # FFFF00""good fontcolor="" # FFFF00""good fontcolor="" # FFFF00""good fontcolor="" # FFFF00"" go fontcolor="" # FFFF00""Proceu fontcolor="""
715,sangat enak,It's really good.
716,agk susah,It's hard.
717,telek,telex
718,aplikasi apa dasar jelek pantas kaga laku,What application is an ugly base? It's not worth selling.
719,buka konci,open conci
720,mhon maaf sya bintang karna mas byak harus realisir,I'm sorry that stars have to be real.
721,cocok buka kelam baru,Match Open a new dark
722,yandex image memang tidak lagi kalo baik sampai berbulanbulan,Yandex image is no longer good for months.
723,yessd,yessd
724,yessd,yessd
725,makin bingung maaf bintang cukup langsung uninstall,"fontcolor="" # FFFF00""get confused fontcolor="" # FFFF00""sorry fontcolor="" # FFFF00""star fontcolor="" # FFFF00"" pretty immediateuninstall"
726,sangat manfaat simpel praktis,It's a simple benefit. It's practical.
727,bahasa browser sedikit aneh di set bahasa indonesia masih setel bahasa rusia,The browser language is a little weird in the English set. It's still in Russian.
728,jos,jos
729,aplikasi tololl,dumb application
730,pasti good lah,Must be good.
731,muas,Mussels
732,iyah selamat,"Well, congratulations."
733,susah,It's hard.
734,yandex bagus terkadang beberapa video tidak putar browser beda duckduck go,yandex good sometimes some videos don't play different browser duckduck go
735,sangat,Very.
736,yes like long time,yes like long time
737,aplikasi bagus,Nice application.
738,yandex com ondo,yandex com ondo
739,krem,cream
740,yamdex,yamdex
741,kembang yandex browser baik yandex nya semua nonton,"fontcolor="" # FFFF00""floweryesdex browser fontcolor="" # FFFF00""wellyesdex fontcolor="" # FFFF00""allwatch"
742,apa ini nonton film bokep,Is this a AV movie?
743,mantapringan,filter
744,udah gk buat buka film bokep,You didn't open any AV movies.
745,kau baik,You're good.
746,okee,Okay.
747,gut,gut
748,sekarang sangat parah iklan tahan menu di sentuh iklan seperti kemarin ada spam iklan,Now it's really bad. Ads can't stand the menu. Ads like yesterday.
749,aru,aru
750,simontok simonto,simontok simonto
751,suka sukses,likes success
752,cepattidak lelet,"Hurry up, don't slow down."
753,hoby muas,hubby muas
754,good,good
755,euudieiei,euudieiei
756,bnn,bnn
757,cuman nyimak,just singmak
758,bagus tambakan vidio baru,Nice new vibe.
759,sudah ada gambarvideo,video image already exists
760,websites blokir,Blocked websites
761,sipppp bisss,sippp biss
762,malap,Malap
763,bagus banget asliterus update aja min ni aplikasi biar tambah enak makenya,"fontcolor="" # FFFF00""great fontcolor="" # FFFF00""real fontcolor="" # FFFF00""continueto update fontcolor="" # FFFF00""this app fontcolor="" # FFFF00""to makeit better"
764,dusah,Duplicate
765,video bokep di hapus anj,AV deleted
766,o k,o k
767,terlalu banyak iklan,too many ads
768,terlalu banyak iklan,too many ads
769,donwload ad masalah apa bang,"fontcolor="" # FFFF00""donwloadad fontcolor="" # FFFF00""whatproblem bang"
770,mantap aplikasi nya,Steady her application.
771,g job,g job
772,tak kasih empat bintang dlu bos q,No. Give me four stars. Boss q.
773,jangan terlalu banyak iklan tetap kasi bintang,Not too much ad. Still give me a star.
774,supir,Driver
775,kebun,garden
776,kerja bagus,Good work.
777,mula moga aplikasi bagus,start good application moga
778,cukup lumayan,Not bad.
779,lebih bagus tampil lama tampil baru extension nya lihat halaman muka,It's better to look longer. The new extension. Look at the front page.
780,para kembang dong fungsikann saya mohon sangat,"fontcolor="" # FFFF00""flower fontcolor="" # FFFF00""letitbefunction fontcolor="" # FFFF00""please fontcolor="" # FFFF00""very"
781,top,top
782,mode coba,try mode
783,mau kapan baik search pakai photo selesai,"fontcolor="" # FFFF00""wantwhenwell search fontcolor="" # FFFF00""use photofinished"
784,dapat didownload,downloadable
785,aplikasi jelek,bad application
786,busuk,It's rotten.
787,uda kacau nih aplikasi nya skarang kena senggol kominfo,The app's fucked up. Now it's knocked out.
788,belum erti cara pakai apl,Not exactly how to use an apl.
789,coba dolu y kaya apa guna yandek,"fontcolor="" # FFFF00""trydoluY rich fontcolor="" # FFFF00""what'stheuse fontcolor="" # FFFF00""yndek"
790,gambar eror,err image
791,download yandex,download yandex
792,film porno jepan,porno jepanese
793,saya cari guna gambar selalu gagal terus,I'm looking for the use of images always fail
794,kurang bantu,less help
795,kpada yth yandex kembali dulu aplikasi yandex,kdi yth yandex return first application yandex
796,buka yandex,open yandex
797,fitur gambar hilang jadi sulit senam tangan,The picture feature is missing so it's difficult to exercise hands
798,aplikasi gabermutu donload harap gaada di konci tetep aja di konci buang kouta,app gabermutu donload please gaada in the conci keep it in kouta dump
799,oky,Oky
800,sagat megiginkan,"fontcolor="" # FFFF00""gatdoting"
801,masak cari ketemu semua,"fontcolor="" # FFFF00""cook search fontcolor="" # FFFF00""all meet"
802,jelas cari ada muncul,Obviously looking for anything to show up for.
803,ribet,Ribet
804,banyak sekali jenis,There are so many types.
805,ada yandek istri makin sayang ama,"fontcolor="" # FFFF00""thereyes fontcolor="" # FFFF00""wifebecamelovedtoyou"
806,moga translate video selain bahasa rusia kazakhstan rekomendasi indonesia,video translation moga other than Russian kazakhstan recommendations in Indonesia
807,bu,Mom.
808,benar yang udah nyaman meski atidak bikin ribetyang buat makin percuma sebagianya guna bahasa ngtidak utuh bahasa milik ponsel ada,"fontcolor="" # FFFF00""right fontcolor="" # FFFF00""behaviorprosperate fontcolor="" # FFFF00""evenifit doesn'tmake fontcolor="" # FFFF00""discriminaltothecell phone'slanguage fontcolor="" # FFFF00""is fontcolor="" # FFFF00""already fontcolor="" # FFFF00""already fontcolor="" # FFFF00""already fontcolor="" # FFFF00""there"
809,sanggat baik,That's good.
810,selaluoky,It's always okay.
811,yankkk,"fontcolor="" # FFFF00""ynkkk"
812,nonton bokep udah ga njingg,I don't want to watch AVs anymore.
813,moga lancar loding y lah,Let's hope it's good to go.
814,tampil video baru biar,let's show you a new video
815,sy bisa buka yandex,I can open yandex
816,coba dulu bintang,Try a star.
817,buagus buaget,buagus buaget
818,inti banyak,many cores
819,god job,god job
820,di coba dulu,Try it first.
821,mudah bagus tidak ku hapus,Easy. Good. I didn't delete it.
822,vidio,vidio
823,otak anak muda,Young man's brain.
824,temu apa cari,What are you looking for?
825,bagus ga pernah eror,Good. Never err.
826,sang at bagus komplit sekali yandex mantapppp,"fontcolor="" # FFFF00""sangat fontcolor="" # FFFF00""good fontcolor="" # FFFF00""completelyyndex fontcolor="" # FFFF00""gapppp"
827,aplikasi bagus cuman pilemnta durasi pendek semua,A good application is just a short duration of all
828,manayasa,Where's the engineer?
829,manayasa,Where's the engineer?
830,pribadi lebih suka tayang karena gera main reflex pokenapanya mantap bos,"The private prefers to be on the air because the mola plays reflex, the reason is steady, boss."
831,mantaap,That's great.
832,best,best
833,download yandex cuma buat get key roblox,download yandex only makes getting key roblox
834,sippp,sipp
835,idk ugly,ugly idk
836,very good,very good
837,lebih canggihbrowser nya,More sophisticated hisbrowser
838,sangat cocok,It's a perfect match.
839,keywrop,keywrop
840,perna guna yandex browser mentidakses mina layan,function yandex browser access mina layan
841,yandexx koom,yandexx koom
842,yandex emang bgus sayang trllu sereng iklan,"fontcolor="" # FFFF00""yendxisnotattentive fontcolor="" # FFFF00""trllu fontcolor="" # FFFF00""advertisement"
843,makin kesini makin payah,It's getting worse.
844,banyak video nya masa aja,There's a lot of video in the past.
845,lambat,slow
846,baik aplikasi sekarang tidak install extension apa karena kan error aplikasi cek,either the current application does not install extensions what because the application check error
847,sedikit baik lgi,I'm a little good.
848,aplikasi tikdak stabil,stable tickdak application
849,apa sih nyettt gk di guna,What the hell are you doing?
850,rem,brake
851,dewasa,adult
852,kasi bintang duluklu bagus kasi lima bintang,Give me a star first. Good. Give me five stars.
853,sangat baik fungsi,very good function
854,waarr biasa,regular waarr
855,vidonya sangat jelek,The vido is so ugly.
856,kurang lenggaap skrng,less budgeting now
857,mantap aplikasi,steady application
858,bikin aplikasi banyak kali nyusai orang,Make apps a lot of times around people.
859,aplikasi sangat bagus kdang kurang mengrti bhasanya,The application is very good. You don't understand it at all.
860,banyak x iklanya,A lot of ads.
861,pakaihampir tarik bonus nya,We almost pulled the bonus.
862,when will the photo search be finished there has been no news about this for months come on finish it immediately we need it,when will the photo search be finished there has been no news about this for months come on finish it immediately we need it
863,olah raga,exercise
864,yandex mau putar video,yandex wants to play a video
865,yandex sangat bantu temu video di cari,"fontcolor="" # FFFF00""yndexreallyhelpsthevideomeetingresearched"
866,mendukumh,Grid
867,sangat bagus ngtidak ribet,It's very nice. It's not complicated.
868,buat hibur sangat bantu,It's very helpful to make fun.
869,hapus,delete
870,maha atuh bu ayena tos bobo moga mimpi indah,"fontcolor="" # FFFF00""mauh bu ayenatosbo moga fontcolor="" # FFFF00""gooddreams"
871,bingung gk nonton vidio sini,I don't know. I don't know how to watch vidio here.
872,oke sangat suka aplikasi,Okay. Very much like the app.
873,yandex brower sangat penting dapat buat orang jadi lebih mudah nonton film rmh terimakasih,"fontcolor="" # FFFF00""yndexbrower isvery important fontcolor="" # FFFF00""canmakeit easierforpeopletowatch a movie rmh fontcolor="" # FFFF00""thankyou"
874,lebih hebat mozzilaa guuchrom,More powerful mozzilaa guuchrom
875,sangat bagus sangat guna,Very good. Very handy.
876,bagus browser nya,Nicely done browser.
877,sangat lambat bahasa tidak optimal,very slow language not optimal
878,kerja,work
879,sangat rekomendasi,highly recommended
880,tetap bintang penting tonggaat kan,"fontcolor="" # FFFF00""stillan importantstar fontcolor="" # FFFF00""default"
881,yesno,yesno
882,bagaimana cara masuk,How do I get in?
883,apilkasi aneh bisa guna dulu padahal bagus,Strange activation can be useful when it's good.
884,mulai,Go.
885,sya ulang ulang kali donlod aplikasi yandeks kenapa buka susa sering lodinghasil penusuranya tdk sesuai keinginantolong dong baik ruh,Repeat the donlod application over and over again. Why is it that open susa is often loding its emitter? It doesn't work as if it's helping.
886,sngt puas,sngt satisfied
887,clp mntap,clp mntap
888,cukup bagus,Pretty good.
889,oke,Okay.
890,segat bagus,That's good.
891,coba,try
892,joos,joos
893,kren,Kren
894,cari gambar gabisa pakai padahal lumayan penting masa baik udah bulan bulan ga bener bener,"fontcolor="" # FFFF00""finda picturecannot use fontcolor="" # FFFF00""sometime fontcolor="" # FFFF00""goodtime fontcolor="" # FFFF00""month fontcolor="" # FFFF00""notright"
895,moga apelikasi makna bcbc,"fontcolor="" # FFFF00""moga appleitekan means bcbccc"
896,iya,Yes.
897,berbaikin fitur fitur nya kara banyak fitur nya kurang nyaman baik segera,Disguise his feature features 'cause many of his features aren't comfortable either soon
898,bagus sekali tolong kurang bug yah,Very good. Please don't bug out. Yeah.
899,tampil bagus versi lamasekarang lihat extension kita pasang tidak ada menu desktop bahasa tidak sempurna,good version now look extension we install no desktop menu language is not perfect
900,susah guna,It's no use.
901,coba dulu kalo bagus sayq kqsih bintang lima,Let's see if it's okay to say five-star kqsih
902,tiga dulu kalau bagus kasih bintang,Three first. If you're good. Give me a star.
903,situs bgusgua suka durasi nya panjang cmn sayang skrng susah akses tlg diperbaikin,"bgusgua site likes its duration. cmn long, dear. Now it's hard to access its fixable."
904,senang ap,"fontcolor="" # FFFF00""happily fontcolor="" # FFFF00""p"
905,browser tidak jalan,browser not running
906,sangat bagus,Very good.
907,ajar,"Hell, yeah."
908,tonton bokep,Watch AV.
909,kurang bagus tambah,It's not good. Plus.
910,baik sipaplikasi bagus deh pokonye,It's good. It's good. It's good.
911,sangat baik bagus,Very good. Good.
912,coba n saya guna browser no satu kalo buka video saya suka,I'd like to try the number one browser if you open the video. I'd like to.
913,login,login
914,suka aplikasi nya,Love the app.
915,sekarang ga buka vidio belum tolong akses lebih kompetibel,Now no vidio. Not yet. Please access more competitively.
916,flm bokep indonesia,Indonesian flm AV
917,very very good,very very good
918,iklan shopee yandex browser terus terus muncul padahal aku install aplikasi shopee,The shopee yandex browser keeps showing up when I install the shopee app
919,browsr bagus,Nice browser.
920,mayan buat script depan,mayan create front script
921,sangat muas,Very steamy.
922,blok semua percumah ni aplikasi bisa dipakaitambah busukhapus hehehe baru melulu aplikasi bodohpencariannya kurang lenggaap,The blocks are all useless. The app can be used to add rot. Remove the new hehehe.
923,suka mengunakan aplikasi apa mau cari selalu ketemu,Likes to use apps to see if you want to find them.
924,coba aja dulu,Try me.
925,sangat cocok guna,It's a perfect match.
926,filem bokep jepang,Japanese AV film
927,aplikasi nya kurang bgsd,application lacks bgsd
928,tak coba dulu dah bitang,"No, no, no, no, no. No, no, no, no, no, no, no. No, no, no, no, no, no, no, no, no, no, no, no, no, no, no, no, no, no, no, no, no, no."
929,di dowload,on dowload
930,fiturnya jelek banyak iklan lah mohon ubah,The features are bad. Advertisements are bad. Please change them.
931,betul,Right.
932,ko kbuka,ko copen
933,mau masuk,Coming in.
934,amplikasi tdk rumit,unimplications aren't complicated
935,search imagenya segera baik buka image search selalu muncul tulis the service is underconstruction we will back soon tunggu minggu tetap,Search image immediately. Open image search always appears. Write the service is underconstruction.
936,sangat mudah ingin tonton bokep jepang mantep tuh,It's easy to want to watch Japanese porn. Keep it up.
937,baik aman,All right. Clear.
938,bagus dam nyaman,Nice and cozy.
939,makasih,Thank you.
940,cari gambar selalu maintenance,search for images always maintenance
941,vidieo bokep,vidieo AV
942,tidak buka update baru,not open new update
943,lancar banyak iklan,A lot of ads are good.
944,mantap banyak hibur,"fontcolor="" # FFFF00""sentirepleatious"
945,why image search is not working,why image search is not working
946,guna jagan instal,"fontcolor="" # FFFF00""forinstall"
947,bukep barat,West girl
948,update selalu lama keluar tampil browser nya,updates are always long out performing his browser
949,banyak iklan mua,A lot of commercials.
950,dulu pas aku msih pke hp lama bagus sekarang buat nyari jelek kayak dlu,Once upon a time when I had an old phone. It's good to look for it as bad as you do.
951,goog,Google
952,tampil vidio bokep,performing vidio AV
953,aplikasi nggk mutu,quality-split application
954,bagus bngat browser translate nya jugaa bagus,It's good. The browser translates too. Good.
955,aplikasi nya bagus,Nice application.
956,mantapppp,"fontcolor="" # FFFF00""seapp"
957,porono,porono
958,bagus rumit,It's good. It's complicated.
959,sangat susah sukar loding video ingin putar tetap beri lima tolong baik bugnya bisa nikmat video ingin tonton,"fontcolor="" # FFFF00""it'shardto Lodingthevideowant toplay fontcolor="" # FFFF00""keep five fontcolor="" # FFFF00""please fontcolor="" # FFFF00""wellbug fontcolor="" # FFFF00""well fontcolor="" # FFFF00""well fontcolor="" # FFFF00""Filthable fontcolor="" # FFFF00""Loding videowantstoplay fontcolor="" # FFFF00""keeppein five fontcolor="" # FFFF00""well fontcolor="" # FFFF00""well fontcolor="" # FFFF00""well fontcolor="" # FFFF00""well fontcolor="" fontcolor="" # FFFF00""So fontcolor="" fontcolor=""So fontcolor=""So fontcolor=""well fontcolor="" # FFFF00"" fontcolor="" # FFFF00"" fontcolor="" fontcolor="" # FFFF00"" # FFFF00"" fontcolor="" fontcolor="" # FFFF00"" # FFFF00""iftheone"" font"" font"" fontcolor="" fontcolor="" # FFFF00""theone""theone""theonedwellly font""theoned\""theone""if""if""if""theonesif""if""if""ifestable fontcolor="" font""if""ifie""silly"" font"" font""sil"" fontcolor="" font FFFF00"" fontcolor="" # FFFF00"" font"" # FFFF00"" font FFFF00"" font"" # FFFF00"" fontcolor="" font"" font"" fontcolor="" fontcolor="" fontcolor="" fontcolor="" fontcolor="" fontcolor="" font"" font"" font"" font"" font"" font"" font"" fontcolor="" font"" font"" font"" # FFFF00"" font"" # FFFF00"" # FFFF00"" # FFFF00"" font"" # FFFF00"" # FFFF00"" font"" font="" font"" # FFFF00"" # FFFF00"" font"" font"" font"" font"" font"" font"" font"" font"" font"" font"" font"" font"" font"" font"" font""theoned"" font"""""""""""""
960,aplikasi di guna tidak bisa buka video,application used to not open video
961,aplikasix langsung beri bintang,programx directly starify
962,mesti bahasa atur guna bahasa negara pakai aplikasi,must be a language set for the country language using an application
963,lah aplikasi in,is the application in.
964,slametriyadi,slammetoriyadi
965,okmantap,Okmantap
966,siip oke,"fontcolor="" # FFFF00""sip fontcolor="" # FFFF00""okay"
967,ilah bagus cepat aman baik sesuai minta,Good god. Quick. Safe.
968,i hope that in yandex browser i can see videos again because i want to watch live streaming of football,i hope that in yandex browser i can see videos again because i want to watch live streaming of football
969,apa sih ko ga liat video susah terus padahal udah ulangbeberapa kali loh aja gagal,"fontcolor="" # FFFF00""whynotseethe video fontcolor="" # FFFF00""hardtocontinue fontcolor="" # FFFF00""alreadyreturnsagain fontcolor="" # FFFF00""sometimesto fail fontcolor="" # FFFF00"""
970,gue pake key delta,I'm wearing a key delta.
971,aku senang yandex google bantu,I'm happy yandex google help.
972,keren mudah erti,Cool. Easy.
973,maaf itu aplikasi yandex yang xxx ga takut ga,I'm sorry. It's the yandex app. The xxx doesn't scare me.
974,sangat bagus yandex,That's very good. Yandex.
975,apps nya sngat mantul,apps her stang mantul
976,amam,amam
977,aplikasi tak guna anak di bawah usia,children under age useless apps
978,yandrx browser,yndrx browser
979,untuk lihat ngentod,Let's see if there's any drugs.
980,susah,It's hard.
981,kerja kantor,office work
982,baru sekarang coba,It's only now. Try it.
983,mantap atas masalah scripts blox fruit,firm on scripts blox fruit problem
984,bagus x,Good. x.
985,sangat menguntunggaan,That's very fortunate.
986,sngat tda kecewa,Don't be disappointed.
987,kembang aplikasi yandex browser hormat baik tambah fitur install extension from zipacarx simpan lokalperanggaat kendala saya buat crx extension mau install yandex browser ada fitur install from internal simpan peranggaat juga tambah fitur atur situs atur terkadang pop up suatu website ganggu jadi tambah atur situs pop blokir terimakasih im from indonesia,The application flowers yandex respect browser both add the install feature extension from zigirlfriendx save the local barriers my crx extension wants to install yandex browser there's a feature install from internal store wargaat also add features setting the site sometimes pop up a disruptable website so add setting pop block site
988,gua suka aplikasi bagis,I love the sharing app.
989,puas sekali,So satisfied.
990,pas bangettt mantappp,It's perfect.
991,payah ga di donglod dh tuh lama apus ajh dri play store,"It's no good, donglod dah dah apus ajh from the play store"
992,the good briwser could opened the website blocked thx,the good briwser could open the website blocked thx
993,baru,new
994,sih bisa nonton bokep,"You can watch AVs, though."
995,liked it,♪ Liked it ♪
996,kereeen,"Hey, hey, hey, hey, hey, hey, hey, hey, hey, hey, hey. Hey, hey, hey, hey, hey, hey, hey, hey, hey, hey, hey, hey, hey, hey, hey, hey, hey, hey, hey, hey, hey, hey, hey, hey, hey, hey, hey, hey, hey, hey."
997,senang,Happy.
998,kinkong,konkong
999,film dewasa,adult movies
1000,trimaksi,trimaction
1001,bagus penggunaanya mdh,It's good use.
1002,yandex memang ngetop,"Well, yandex did."
1003,cari gambar maintenance,find the maintenance image
1004,enaj,enaj
1005,bypass linkvertise,bypass linkvertise
1006,kontooldj,confooldj
1007,aku mau ganti lokasi negara tapi ada maps tampil why,"I'd change the country's location, but there's maps to show why."
1008,makin lebih rahasia lebih aman hasil sangat muas tetap sambung jaring internet famili ini kapan,The more classified the result is very heavy. Keep this family's net connected. When?
1009,makin lebih rahasia lebih aman hasil sangat muas tetap sambung jaring internet famili ini kapan,The more classified the result is very heavy. Keep this family's net connected. When?
1010,enak nonton semua vidio lancar kuat buat vidio bokep,It's good to see all the vidios are good. Strong for vidio AV.
1011,oke,Okay.
1012,sy coba kasi bintang dlu y,I'm trying to give you a star.
1013,mudah kawa mabika,Easy kawa mabika
1014,atuh lah,"Oh, my God."
1015,yandex samasekali pas buka aplikasi bisarusak kasih bintang aja,"fontcolor="" # FFFF00""yesdex fontcolor="" # FFFF00""atalltime openthe applicationcanbreaktheloveofthestar"
1016,bagus banget suka,It's great. It's great.
1017,lumayan lah cuma bnyk iklan dn jaring atidak lot,Not bad. Just a lot of commercials and nets.
1018,xnxxcom,xnxxcom
1019,lj,lj
1020,butuh kajung ambil sabun,Need a kajung. Get some soap.
1021,tato,tattoo
1022,masuk,Come in.
1023,kalau bagus tambah lg bintang,"fontcolor="" # FFFF00""ifit'sgood fontcolor="" # FFFF00""morestars"
1024,bagus,Good.
1025,sangat batu kalau toup,It's so rock if it's buttoned up.
1026,masih iklan gagu website,It's still a website advert.
1027,the service is under construction we will be back soon,the service is under construction we will be back soon
1028,yandex rusiyah,yandex rusiyah
1029,santidak cocok,It doesn't match
1030,sayang sekali eror aplikasi kaya babi ni aplikasi kasi usia tahun,Too bad this pig-rich app is an app for age.
1031,saya lama guna tapi sekarang error uda blok situs yandexnya,"fontcolor="" # FFFF00""olduse fontcolor="" # FFFF00""butnow error udablockthe siteyesx"
1032,alam ini,This nature
1033,aplikasi tolol terus aja minta confirm im nt robot tolol,The stupid app keeps asking for confirm im nt stupid robot
1034,aplikasi sangat bantu,application is very helpful
1035,banyak sekali yandex sekarang bahasa walaupun pilih indonesia campur rusia bahkan tulis font rusia file hasil download bisa main baik mp mp bahkan jpg pop up iklan tetap walau mentidaktifkan blokir iklan fitur cari gambar video sedia,So many yandex now languages although choosing Russian mixed ids even writing Russian files downloaded can play well MPmp even jpg pop up ads fixed despite notifying commercial features looking for a video image
1036,gatau,gor
1037,chapta trus sampe dower ikut langgaah chapta sampe buka yandex parahsdh jadi browser bawa anda bukan robot anjayyy,"Chapta and then until the dower goes to chapta, it's too bad yandex is a browser. Take you instead of an Anjayy robot."
1038,alternatif bagus tidak gantung dg app monopoli,It's a good alternative not to hang with a monopoly app.
1039,kurang muas,less brush
1040,sangar baik,That's good.
1041,q kasih bintang dulu soal buat cari vidio selalu keluar vidio d caritolong d baik,q give me a star first about looking for vidio always come out vidio d cari help
1042,bagus cari gambar sekarang ada sangat disayanggaan sbb ada paksa aplikasi uninstall,Good. Find a picture. Now there's a very on-load sbb there's a force-install application.
1043,pingn,pingn
1044,baru mo coba,"fontcolor="" # FFFF00""newmo try"
1045,aplikasix bagus,nice appx
1046,anti blokir filem,antiblock film
1047,under construction,under construction
1048,when will the image search feature be completed its been a month and its still being repaired,when will the image search feature be completed its been a month and its still being improved
1049,dulu soalx msi blum buka,it used to be a problem msi blum open
1050,naharudd nahar,Naharudd nahar
1051,dinaagustin,(DISTORTED)
1052,bagus aplikasi bantu untuk dapat video bagus banget,It's great. It's great. It helps to get good videos.
1053,good app,good app
1054,apli kasi tolol ni uda donlod eh bale lage donlod dasar tolol,"fontcolor="" # FFFF00""apligiveyou moron ni uda donlod eh bale lage donlod"
1055,mantap banget,That's great.
1056,aplikasi dapat andal,reliable application
1057,bagus,Good.
1058,bagus,Good.
1059,sangat mudah cepat,It's easy fast.
1060,yandek emang mantap,"Yeah, it's great."
1061,bagus buat no,Good for no.
1062,keluh bahasa,language complains
1063,moga lelet,Moga melt
1064,sya suka vidio bokep,I love vidio AVs.
1065,oke mantap buka situs dewasa nya dong,"fontcolor="" # FFFF00""okay fontcolor="" # FFFF00""great fontcolor="" # FFFF00""openthe adultsitedong"
1066,yandex sekarang bisa andal cari selalu errordan inti yandex mesin cari nya error,"fontcolor="" # FFFF00""yesdexnow fontcolor="" # FFFF00""abledalable fontcolor="" # FFFF00""alwaysfind errorand coreyesdex fontcolor="" # FFFF00""findhisfindingmachine error"
1067,aplikasi sangat baguswajib contoh browser browser top,application is very good example browser top
1068,buat nonton bokep sangat lancar punya lho,"You know, to watch AVs. It's really nice to have them."
1069,sangat muas,Very steamy.
1070,didik dasar smp,basic smp protege
1071,sangat senang,Very happy.
1072,kecewa aplikasi dikit seukurti kunci video vulgar,disappointed application is less than a vulgar video key
1073,mantap,Steady.
1074,bantu aja,Just give me a hand.
1075,selalu muncul iklan shopee lazada sangat tdk nyaman,There's always a shopee lazada commercial. It's very uncomfortable.
1076,mboh,boh
1077,unistall jelek banget,uninstall is so bad
1078,aku suka nonton bokep,I love watching AVs.
1079,aplikasi tai asu,Shit-su app.
1080,best on live,best on live
1081,im sorry there is still a lot of russian in the application not all of it is translated into local languages or at least in english even after changing the app language to other languages or automatically,I'm sorry there is still a lot of russian in the application not all of it is translated into local languages or at least in complete even after changing the app language to other languages or automatically
1082,siipp good bagus,Good good good good good good good good good good good good good good good good good good good good good good good good good good good good good good good good good good good good good good good good good good good good good good good good good good good good good good good good good good good good good good good good good good good good good good good good good good good good good good good good good good good good good good good good good good good good good good good good good good good good good good good good good good good good good good good good good good good good good good good good good good
1083,aplikasi sangat ti jelek aku suka aplikasi sangat i,The application is very ti bad I like the app very i
1084,kasi empat bintang dulu,Give me four stars first.
1085,oke mantap,Okay. That's great.
1086,ringan mudahtapi cara rubah dalam bahasa indonesia tahu,Light is easy but foxy way in English know
1087,bangst,bangst
1088,cukup,Enough.
1089,sdh lama pakai yandex langsung buka cari sekarng download browser coba dulu,It's been a while. Open it. Find a browser.
1090,dong apl video gk,"fontcolor="" # FFFF00""dong apl video fontcolor="" # FFFF00""Nok"
1091,kenpa yandex terjemah bahasa inggris,Why did yandex translate English?
1092,lah sekarang jadi susah cari video nya payah yandex kaya dulu,It's hard to find a video. It sucks. It's rich.
1093,lah sekarang jadi susah cari video nya payah yandex kaya dulu,It's hard to find a video. It sucks. It's rich.
1094,aku kasi bintang dlu kalok bagus aku full kn semua,I'll give you a star. Good. I'm all full.
1095,siip,siip
1096,yandez oksekali luar biasa,yandez ok that's amazing
1097,tiga dulu,Three first.
1098,fungsi,function
1099,opsional,optional
1100,mohon baik bisa search by image,Please search by image
1101,film ngento t,"fontcolor="" # FFFF00""moviemotto t"
1102,cari video belum baik,Search videos not yet good
1103,walaupun yandex tdk d jadi browser bawa tapi sya ttap kasih bintang,"Even if I didn't bring a browser, I'd love a star."
1104,di baik oke,It's good. Okay.
1105,tani,hodge
1106,aplikasi nya bagus bangettttt,The app is really good.
1107,di baik saya ingin lihat video selalu bisa,It's good. I want to see the video. It's always possible.
1108,buka situs bokep,open AV site
1109,telusur gambar yandex lebih lenggaap pixelnya lebih detail proyek karikatur sempat tunda server gambar yandex sedang baik harap segera baik ingin selesai karikatur,The yandex image scrolles over the pixels. More detail. Caricature project.
1110,vidio bokrh lenggaap,vidio bokrh legaap
1111,jelek sekarang google,Ugly now google
1112,jelek sekarang google,Ugly now google
1113,paham,Got it.
1114,sekarang bisa lihat bagi foto video bisa lihat cari peta terjemah baik,Now look for video photos. See if you can find the translation map. Okay.
1115,moga pulih ya karna mau cari gambar sudah beberapa hari dalam baik cuma pake browser yandex soal,Let's see if we can get a picture. It's been a couple of days. It's been a good couple of days with only a yandex browser.
1116,aplikasi nya jelas,The application is clear.
1117,emang sempurna,It's perfect.
1118,yandek cara tepat browser,"fontcolor="" # FFFF00""yes wayexactly browser"
1119,good browsing,good browsing
1120,nonto bokep,Nonto AV
1121,udah kayak dulu cari tidak efektif,It's like it's not working.
1122,the service is under construction we will be back soon why padahal i really like the features cari the picture browser aja ku pakai yandex search engine very easy image search feature hadir,the service is under construction we will be back soon why i really like the features search for the picture browser I wear yandex search engine very easy search image features present
1123,terimakasih yandex browser bantu temu segala,Thank you Yandex browser. Help me meet everything.
1124,yandex dot com,yindex dot com
1125,yahhh erorrr,yahhh erorrr
1126,nyip,nyip
1127,search by images not working,search by images not working
1128,cari image atidak kecewa beberapa hari tidak di baik,find an image not disappointed a few days not in good
1129,bisa tayanggaan,could play a tune
1130,ko sekarang ga poto sama fidio nya tolong baik,"fontcolor="" # FFFF00""ko nownotdo fontcolor="" # FFFF00""mo fontcolor="" # FFFF00""mo fontcolor="" # FFFF00""notdo fontcolor="" # FFFF00""mo fontcolor="" # FFFF00""mo fontcolor="" # FFFF00""nownotdo fontcolor="" # FFFF00""mo fontcolor="" # FFFF00""mo fontcolor="" # FFFF00""No fontcolor="" # FFFF00""modio fontcolor="" # FFFF00""Soplease fontcolor="" # FFFF00""good"
1131,sangat kecewa masih bisa putar videothe service is under construction we will be back soon why it took so long to fix,So disappointed that the video service is under construction we will be back soon why it took so long to fix
1132,vidio bokep,vidio AV
1133,tidak pakai aplikasi update,not using update program
1134,coba dulu,Try it first.
1135,the service is under construction we will be back soon how to fix it when i search for image,the service is under construction we will be back soon how to fix it when i search for image
1136,mudah mudah bagus,Easy easy. Good.
1137,mudah mudah bagus,Easy easy. Good.
1138,aplikasi nya sangat baguskalau coba coba dulu jamin puasss,The application is very good. Try to make sure you're satisfied.
1139,bgus,bUS
1140,kasih empat dulu ntar kl bagus ku tambah,"Give me four, if I'm good. More."
1141,cukup bantu,Just help.
1142,sepertiuatan g bagus,It's like a good one.
1143,aku tak pernah nak pikat,I never wanted to be with you.
1144,bintang bicara,talking star
1145,iklanya rangin,Advertising rangin
1146,video film bokep ibu jepang ibu montok ibu sange,A video of Japanese mom's AV mother's plump mother sange
1147,i dont like the latest update on the yandex application i can no longer watch it as i please,i dont like the latest update on the yandex application i can no longer watch it as i please
1148,jelek nipu,ugly nipu
1149,sayang sangat sih rata rata cari vid beberapa kena blokir apa masalah udah coba kali kalo restart ga mohon kerjasama nya padahal sering make ni aplikasi buat nyari info info,Too bad it's so average. Looking for vid. Some of it gets blocked.
1150,aplikasi nya sangat bagus manfaat dapat cari apa kita tau,It's a very good application. It's a good benefit. See if we can find out.
1151,aplikasi ngga jelek masak mau cari ngga lagi,The application isn't bad. Just try and find it. Not anymore.
1152,cara tonton film dewasa,how to watch adult movies
1153,tes duken hehehe,Duken hehehe test
1154,i like,i like
1155,mantaaap,That's great.
1156,bokeb yandex,brokeb yandex
1157,aplikasi pribadi ku,My personal application.
1158,sangat guna guna,That's really handy.
1159,oke banget,It's okay.
1160,kasih aja soal baru buka iklan ganggu,Why don't you give me a break about opening an ad bother?
1161,fitur gambar eror terus cari sekarang batas apa yandex,"fontcolor="" # FFFF00""the featureofthe image err keepsseeking now fontcolor="" # FFFF00""thelimitofwhatyes"
1162,ruet,ruet
1163,heran larang lalo mau lihat vidio bosa dong tinggaatkan,I'm surprised that lalo didn't want to see vidio bosa.
1164,mantul tenan,spell tenan
1165,di baik bru baru situs tidak di buka kenpa yah,It's fine. The new site isn't open. Yeah.
1166,aplikasi payah,The application sucks.
1167,tidak di download,not downloaded
1168,make new browsing,make new browsing
1169,dulu biasa ku pakai skarang susa,I used to wear it now.
1170,baru berapa hari saya udah kena blokir,I've been blocked for days.
1171,du install ga di buka aplikasi apa,du install not open what application
1172,videovideo young,young video
1173,ku sih appk paling jelek sih asli,"fontcolor="" # FFFF00""makdang ugliest fontcolor="" # FFFF00""original"
1174,udah rusak ga buat lihat foto kecewa berat,It's broken. It doesn't make you look disappointed.
1175,jagan la lambat lah,Don't be slow.
1176,puas,satisfied
1177,aplikasi bagus banyak,good apps a lot
1178,cb dulu,cb first
1179,coba kalih jelek uang yangmsna,Try bad times. That's the money.
1180,pql as,pql as
1181,aku bitang dulu,I'll bite first.
1182,bahus,shoulder
1183,udah ngga asik,It's no fun.
1184,aman terpacaya,securely trusted
1185,keren bapak kau,"Cool, Dad. You're cool."
1186,bagus tapi kadang sinyal nya kurang,"It's good, but sometimes the signal's not good enough."
1187,tidak lihat vido sex,No. Look at the vido sex.
1188,kayak nya browser yandex servis,Looks like a yandex browser service.
1189,aplikasi lol,lol application
1190,batua,stone
1191,vidieo bokep corea,vidieo AV corea
1192,udah dewasa,All grown up.
1193,nurdin,nurdin
1194,yandex rusak parah,yandex is badly damaged
1195,sangat layan play story,very lay play story
1196,terima kasih,Thank you.
1197,pulih lekas yandex,Get well quickly yandex
1198,yandex browser buat nonton bokp,yindex browser to watch bokp
1199,yandex browser buat nonton bokp,yindex browser to watch bokp
1200,trimakasi,trimulation
1201,bisa download asy,can download asy
1202,dicobadulu bintang,Try the star.
1203,mohon pihak yandek baik google image video hilang mesin cari,Please google the video image. The search engine is missing.
1204,cari image kemarin dalam baik terus di cepat biar guna image search,search for yesterday's image in well continue quickly let's use the search image
1205,kasi bintang dlu yaa klw bgus baru tmbaa bintngnyaa,Give the stars to the new Tmbaa bintngnya
1206,keran banget,It's so tapy.
1207,woe,woe
1208,okenapakkol,oknakkol
1209,baru pertama kali guna hasil cari image gagalerror sangat kecewa harus uninstall akan pasang yandex jika di baik,first time for search results failed error very disappointed must uninstall it will install yandex if good
1210,mantap,Steady.
1211,the service is under construction we will be back soon yandex muncul kalimat ini bagaimana cara atas,The service is under construction we will be back soon yandex appears. This sentence is how to top this.
1212,very good,very good
1213,aplikasi jelek sampah,bad application junk
1214,kata keren,Cool word.
1215,sangat bagus orang dewasa,Very good. A grown-up.
1216,karna nonton seru banget tuhh,Because it's so fun to watch.
1217,buka,open
1218,gua udh nunggu lama jadi broser bawa kenapa ngebug,I've been waiting a long time to be a broacher. Take it with you.
1219,satu kata su,one word su
1220,sangat bgus,Very good.
1221,di cari jarang,It's rare to search.
1222,sexbarat,sexbarat
1223,rasa rugi bisa ganti password sudah berkalikali coba ganti pasword saya tapi saya malah arah sesuatu tidak jelas,"I've tried changing my password so many times, but I'm going in the direction of something that's not clear."
1224,sekarang gk guna aplikasi nya baik dong,Now there's no use for the app. Fine.
1225,maaf bintang,Sorry. Star.
1226,jadi ribet cari vidio,So complicated. Looking for vidio.
1227,aplikasi jelek,bad application
1228,ngtidak dipaseperti download,unpattered as downloads
1229,selalu buat kau,Always for you.
1230,awesome,Awesome.
1231,syatak ngerti msk nmtlfon d email,I don't know if it's an email.
1232,septinus trirbo,septinus trirbo
1233,dulu,I used to be.
1234,vidio,vidio
1235,house,house
1236,keren,Cool.
1237,aplikasi nya bgus,The app's good.
1238,when i searching i cant find image pr no option for image please fix it,when i searching i cant find image pr no option for image please fix it
1239,suka aplikasi,likes applications
1240,coba coba,Try it
1241,butut,butt
1242,kerja sopir,Driver's work.
1243,yandex bgi z sangat bantu dlm segala sukses selalu yandex,"fontcolor="" # FFFF00""yndexbgi z fontcolor="" # FFFF00""reallyhelpsin everythingssuccess fontcolor="" # FFFF00""yesdex"
1244,keren banget,It's so cool.
1245,sangat jelek aplikasi nya,Very bad app.
1246,aplikasi ga ga di buka sama sekali nyesel download,application not unopened at all tune download
1247,coba dulh,try daulh
1248,coba dl,try dl
1249,beri bintang dulu belum d coba,"fontcolor="" # FFFF00""stargivefirst fontcolor="" # FFFF00""not yettry"
1250,sngat bagus,That's good.
1251,aplikasi bagus banget dah,That's a good one.
1252,mohon akses seluruh,Please access the entire
1253,lumayan bgus,It's not bad.
1254,alimcibodas,alimcibodas
1255,bintang dlu oke penuhin,"fontcolor="" # FFFF00""stardlu fontcolor="" # FFFF00""okayful"
1256,bentar dulu coba,Let's see.
1257,gimana mau download gagal tetus,How do you want to download failed tetus
1258,terlalu sering muncul capcha mulu udh submit bisabisa payahhh,"fontcolor="" # FFFF00""toofrequentlyem fontcolor="" # FFFF00""capchamulu ulu udh submitcanbesuckhh"
1259,sekarang ubah pas cari video nya ada muncul malah muncul bahasa rusia bukan video,Now change it. Find the video. It shows up in Russian instead of video.
1260,aplikasi apa dinbukq ntidak bisq,what application is poundq not bisq
1261,lemooot,lemroot
1262,bsgusssss,bssssss
1263,bisa tonton bokep,can watch AV
1264,mantap aplikasih,"fontcolor="" # FFFF00""explosive"
1265,lagi cari video gk jelek aplikasi nya,look for videos that aren't bad.
1266,meninggaatkakan gaira,He's dead! He's dead! He's dead!
1267,jelek sekarang,It's ugly now.
1268,aplikasi yandex buka ini suka error kapam apa yang sal kk,open yandex application This loves capam error what sal kkkk
1269,terima kasih sedia bantu,Thank you for your help.
1270,kasih mudah seperti versi belum,Love is easy like the version yet
1271,mantappp selalu tampil baik operasional,"fontcolor="" # FFFF00""sangppalwayslooksgood operational"
1272,jadi ka cetak,So print it out.
1273,tolog apelikasi jagan nonline,nonline universe appletation tolog
1274,baik,Okay.
1275,tai,Shit.
1276,aplikasihnya bagus,It's good.
1277,aman baik,Clear. All right.
1278,aplikasi sangat bagus temu banyak,Very good application. Lots of appointments.
1279,some of settings still in russia language but okay the translate button into russia from english page can be annoying and i cant shutting down,some of settings still in russia language but okay the translation button into russia from English page can be annoying and i cant shut down
1280,keren,Cool.
1281,buka xnxx bos,open xnxx boss
1282,tosangat,"fontcolor="" # FFFF00""to very"
1283,g nonton bokep,Don't watch porn.
1284,bagus mantap,That's good. That's good. That's good.
1285,bagus mantap,That's good. That's good. That's good.
1286,percuma gua download lu sat,It's useless for me to download you.
1287,fungsi nya buat apa,What does it do?
1288,lot,lot
1289,because iam not robot i give u star uninstal to much captcha and slow,because I am not robot i give u star uninstall to much catcha and slow
1290,ninton vidio bokeh,Ninton vidio bokeh
1291,ninton vidio bokeh,Ninton vidio bokeh
1292,bisa guna,It's useful.
1293,baru coba sich makanye ku kasih bntang aje dulu,"fontcolor="" # FFFF00""firsttrying toeatye fontcolor="" # FFFF00""Igiveyou fontcolor="" # FFFF00""notfirst"
1294,mudah aplikasi munggain butuh pilih bahasa terimaksih yandex,easy. The application needs to choose yandex thank you language.
1295,ngga di buka gimana lah,It's unopened somehow.
1296,cukup bagus,Pretty good.
1297,dede kiya kerja,job kiya dede
1298,bisa dapat kode verifikasi registrasi pakai simcard m ingin buka buah akun yandex ada masalah kode verifikasi tidak pernah dapat lewat sms handphone saat masih bisa saya suka browser,could get registration verification code using simcard m to open Yandex accounts. There's a verification code problem. Never got through cell phone text when I could.
1299,suka yandex vulgar,like yandex vulgar
1300,bokep cina,Chinese AV
1301,sekarang aplikasi tidak tonton vidio sudah batas,Now the application doesn't watch vidio is out of bounds.
1302,benarbagussss,That's great.
1303,ga jelas appk ni jangan donwload yaa jjkkkjj,"fontcolor="" # FFFF00""unclear appk ni fontcolor="" # FFFF00""don'tnwloadyaa jjkkjj"
1304,sangat buruk guna,It's bad luck.
1305,mantap sangat bantu,"fontcolor="" # FFFF00""stating fontcolor="" # FFFF00""veryhelpful"
1306,ingin hapus bagai sumber sama masuk akal saya masuk akal saya tekan tombol nya bisa tekan tombol nya bisa tekan tombol menu utama nya mau pake aku tak tahu yang juga tekan enter tekan tombol enter the name singer and download music video for free from scribd pake buat penggamer yang tidak lihat jelas dan tidak bisa lihat daftar di pake paisal ma,want to remove it like a source makes sense i'm reasonable i press the button i can press the button press the main menu button i don't know who also press enter enter the name singer and download music for free from scratch using the user who doesn't see clearly and can't see the list with pasal ma
1307,bokef,brokeef
1308,coba,try
1309,aplikasi sangat sangat bergunangga usah buat aplikasi lah kalo ngga niatcuma penuhin playstore doangngga guna sama sekalijangan download buang kuota,Applications are very very useful. Don't download quotas if you don't want to.
1310,kadang video nya banyak iklan nya,Sometimes there's a lot of ads.
1311,coba dulu yanki,Why don't you try yanki?
1312,browser idola,idol browser
1313,good job,good job
1314,assalamualaikum wrwb,Assalamu alaikum wrwb
1315,andri email com,Com email andri
1316,puas degan nya aplikasi yandex,contented with his yandex application
1317,jos pokoe,jos pokoe
1318,susah buka,It's hard to open
1319,tes dlu lah,I'll take a test.
1320,aplikasi mantap,Persistent application
1321,gua rangin bintang terjemah vidio cuma bahasa rusiagua kan indonesia padahal versi belum terjemah video bahasa indonesia sekarang bisa,"fontcolor="" # FFFF00""starguingstarstranslate vidio fontcolor="" # FFFF00""isonly RussianinIndonesianina fontcolor="" # FFFF00""whenthe versionhasnot yettranslated English video nowcan"
1322,efjsk,efjsk
1323,good apps,good apps
1324,kalau poto utama vidio tidak buka arti belum tau cara di aplikasi,If vidio's primary photo doesn't mean it doesn't know how to use the application yet.
1325,tidn,tidn
1326,cukup baik terima kasih,That's good. Thank you.
1327,coba dulu kalau bagus baru kasih buntang lima,Try it first if it's good then give me a five
1328,kasih bintang dulu,Love the star first
1329,selalu siap,Always ready.
1330,mudah guna,It's easy.
1331,wokeee,Wokeee
1332,serba blokir semua kaya pertma kali,blockers all rich pertma times
1333,sangat muas bahanya mebingunggaan,It's very confusing.
1334,bagus cuma ga cari vidio hot langsung ky dulu,Good. Just not looking for a hot vidio. Right away.
1335,ingin nnton bokeb full,Want to watch the full brokeb
1336,keren banget,It's so cool.
1337,coba in dlu y,try in dlu y
1338,vidio putar sangat hibur sekali,It's very comforting.
1339,bagus,Good.
1340,bagus bangett,That's great.
1341,aneh,That's weird.
1342,bagus kaya taun kemarin sangat kurang,It's good. It was really bad yesterday.
1343,coba dulu,Try it first.
1344,waktu download suka henti lanjut bisa,download time is running out.
1345,aplikasi sangat burukktidak guna bahasa indonesia apamalah pakai bahasa lain,application is very bad use in Indonesian what is spoken in another language
1346,simpel cepat,Simple fast
1347,hfgi,hfgi
1348,kereeen abis,"fontcolor="" # FFFF00""keyeen fontcolor="" # FFFF00""bis"
1349,aku kasih full bintang,I love you full star
1350,luas browser biar amerika tidur nyenyak makan tak enak,There's lots of browsers. Let America sleep well. Eat badly.
1351,madiansyah,madiansyah
1352,sekarang yandex browser g kayak biasa sekarang banyak masalah video foto blokir semua mohon baik,Now yandex browser g like always. Now there's a lot of video problems. Photos are blocked.
1353,jangan download gk,don't download no gk
1354,kalo ditinggaatkan translate video bahasa asing bahasa indonesia jangan cuma ke bahasa rusia,"fontcolor="" # FFFF00""ifyouputtotranslate video fontcolor="" # FFFF00""Indonesianlancnotjustin Russian"
1355,aplikasi burik ribet nyesel gua download nya,I'm downloading the hardware app.
1356,kurang sehat,He's not feeling well.
1357,sangat bagus bantu,Very good. Help.
1358,sangat puas dgn aplikasi,very satisfied with the application
1359,aplikasi keren,Cool app.
1360,aja klau bagus tk kasih pul,Just be nice. Thank you.
1361,perna kerja malaisya,"fontcolor="" # FFFF00""peraworkmalisya"
1362,aplikasi bagus,Nice application.
1363,jelek banget,It's so bad.
1364,apl jelas,apl is clear
1365,aku sangat senang sama aplikasi,I'm very happy with the app.
1366,eror semua,err all
1367,cobak dulu,Try it first.
1368,i come from indonesia and i like russian social media products because russia is always fair thank you to the creators of yandex,I come from Indonesia and i like Russian social media products because russia is always fair thank you to the creations of yandex
1369,motivasi kluarga,Family motivation.
1370,aplikasi mudah erti,easy app means
1371,kereeeen,"fontcolor="" # FFFF00""kereeen"
1372,tidak mau menginstal tolong jangan promosi handpone,don't want to install please don't promote handpone
1373,satu bintang mula,One star at a time.
1374,aj dulu,Let's go.
1375,langsung,directly
1376,aplikasi taii,Taii application
1377,aplikasi taii,Taii application
1378,aplikasi taii,Taii application
1379,aplikasi udah jelas gk kaya dlu,The application is clear. It's not rich.
1380,keren boong,That's cool.
1381,asik,Cool.
1382,kasih lima coba dulu,Give me five. Try it first.
1383,aplikasi sangat bagus bisa cari segala di sini,It's a good app. It's got everything in it.
1384,safe search bisa dimatiin,safe search to kill
1385,bagus buat yang sering tahan nafsu,It's good for the non-resistant.
1386,hehe,hehe
1387,padahal safe browsing nya dh mati masih aj safe browsing ga,"fontcolor="" # FFFF00""althoughsafebrowsinghisdead fontcolor="" # FFFF00""dhstillajsafebrowsingga"
1388,kata j mantap,The j word is steady.
1389,bisa temu video na,"fontcolor="" # FFFF00""canmeeta videona"
1390,mantap brooo,"fontcolor="" # FFFF00""straight brooo"
1391,kalo nonton video aku kasih ful bintang,"When I watch a video, I'll give you an ful star."
1392,sangat trtarik aplikasi in,very interesting application in
1393,sama aja aplikasi,Same application
1394,film tdk buka eror codenya coba di baik,The movie didn't open the error code. Try it on either way.
1395,mantap lancar banget hambat,"fontcolor="" # FFFF00"" fontcolor="" # FFFF00"" fontcolor="" # FFFF00"" fontcolor="" # FFFF00"" fontcolor="" # FFFF00"" fontcolor="" # FFFF00"" fontcolor="" # FFFF00"" fontcolor="" # FFFF00"" fontcolor="" # FFFF00"" fontcolor="" # FFFF00""wellwell fontcolor="" # FFFF00""default"
1396,program memang,The program does.
1397,sangat percaya,I really do.
1398,aplikasix sangat bagus,The apps are very good.
1399,yandex browser gila hebat,"fontcolor="" # FFFF00""yndexcrazybrowser fontcolor="" # FFFF00""great"
1400,musik online,online music
1401,bingintt,bingtt
1402,aplikasi mudah gunakandan ada delay respon cepat cocok saya untuk pemrograman web,Easy to use and there's a quick response delay that suits me for web programming.
1403,thank you very much,thank you very much
1404,papar panggaat jabat merah hitam publik masjid dirusia letak bawah tanah,exposed to the black red handshake the mosque is located underground
1405,aplikasi banyak bug,application multiple bugs
1406,makin tinggi tinggaat puas oleh sama sangat rahasia lebih aman percaya selalu,The higher the stay satisfied by the same. Very safe. Trust always.
1407,oke banget,It's okay.
1408,aku sangat bantu,I'm very helpful.
1409,saat cari link error,while searching for link error
1410,aplikasi nya jelek bangett penuh film porno semuaa hadeh apus ajah yandex,The app is so bad. It's full of porn. All of it.
1411,skrng yandex susah buka video ngeseli bgd,Now it's hard to open a fucked-up video.
1412,bisa instal,could install
1413,buat lo yang mau istal aplikasi mending nagk usah lah saran guwe ntidak usah kecewa,Do you want to install the application? Don't be disappointed.
1414,beri bintang dulu oke fuul bintang nya,"fontcolor="" # FFFF00""givethestarfirst fontcolor="" # FFFF00""okayfuulthestar"
1415,sangat buruk,very bad
1416,sekarang mau nonton video ribet dak dulu sering eror sekarang,Now I want to watch a video. It wasn't a lot of horror these days.
1417,baik,Okay.
1418,baru mau coba nya muda muda mudah bagus yaa,just want to try young young easy good yaa
1419,di coba,tried
1420,patap lah pokenapanya,"fontcolor="" # FFFF00""lookup fontcolor="" # FFFF00""why?"
1421,mantap,Steady.
1422,cuma kurang lenggaap,It's just a little off-limits.
1423,yandex ku kenal bagus sih,"Well, I know her pretty well, though."
1424,aplikasi nya bgus bro nyesal kalian ngga download,The application shouldn't bother you. Not downloading.
1425,sangat senang aflikasi mantap bos,Very happy afflication boss
1426,no comment,no comment
1427,good job,good job
1428,kasi bintang lima saya minta linknya jangan yang hapus di eror,Give me a five-star. I want a link. Don't delete it on the error.
1429,berbisni,Stirred
1430,terlalu sering update,too often update
1431,aplikasi bagus sering tonton bokep sini,Good apps often watch AVs here
1432,senang,Happy.
1433,mntap yandek lncar trs,mntap yandek Incar trs
1434,main kos,cosmos.
1435,mantap,Steady.
1436,aplikasi bokep haram,Illegal AV apps
1437,sdh privasi bukan dulu,The privacy isn't what it used to be.
1438,mantap,Steady.
1439,gud,gud
1440,aplikasi tai,shit application
1441,bagus sekarang susah,It's good. It's hard now.
1442,aku kasih bintang dulu nanti aku liat bagus baru tamba bintangx,I'll give you a star first. I'll see. Good.
1443,aplikasi bagus,Nice application.
1444,shengdy,shengdy
